leading_item_id,following_item_id
AANGBULD,APQGTRMF
AANGBULD,DEWLVASR
AANGBULD,FTSVTTSR
AANGBULD,GKQIJYDH
AANGBULD,KJNSOAHR
AANGBULD,LLHREMKS
AANGBULD,NAQIHUKZ
AANGBULD,VUAFAIYJ
AANGBULD,ZCELVYQU
AANGBULD,ZKENOUDA
AHMDUILJ,ATLDMDBO
AHMDUILJ,BUZIIBYG
AHMDUILJ,DUCMGGNW
AHMDUILJ,RAWUKQMJ
AHMDUILJ,UXSPKBJR
AHMDUILJ,WPQXWHYO
AHMDUILJ,XIIEJNEE
AHMDUILJ,YSYHGLQK
APQGTRMF,ATLDMDBO
APQGTRMF,BEZYMBBT
APQGTRMF,BSRMSVTC
APQGTRMF,BTMOEMEP
APQGTRMF,DJBLNPNC
APQGTRMF,DNMPSKTB
APQGTRMF,DUCMGGNW
APQGTRMF,FDXPMYGF
APQGTRMF,GYHKIVQT
APQGTRMF,HXYSSRXE
APQGTRMF,JPBRUTWP
APQGTRMF,OGAFEHLU
APQGTRMF,OKMBFVKS
APQGTRMF,OXKURKXR
APQGTRMF,QRKRBYJL
APQGTRMF,QVLMOEYE
APQGTRMF,RAWUKQMJ
APQGTRMF,RCBZUSIM
APQGTRMF,UIFPPCLR
APQGTRMF,VMAQSTJE
APQGTRMF,WBLJNPZQ
APQGTRMF,WHPUAOID
APQGTRMF,ZGJXVMNI
ATLDMDBO,APQGTRMF
ATLDMDBO,AXULOHBQ
ATLDMDBO,BJALXPFS
ATLDMDBO,BTMOEMEP
ATLDMDBO,DBWLZWNK
ATLDMDBO,DNMPSKTB
ATLDMDBO,FDXPMYGF
ATLDMDBO,GYHKIVQT
ATLDMDBO,HXYSSRXE
ATLDMDBO,IGDVVKUD
ATLDMDBO,JPBRUTWP
ATLDMDBO,LRVGFDFM
ATLDMDBO,OGAFEHLU
ATLDMDBO,OKMBFVKS
ATLDMDBO,OXKURKXR
ATLDMDBO,QRKRBYJL
ATLDMDBO,QVLMOEYE
ATLDMDBO,RAWUKQMJ
ATLDMDBO,RCBZUSIM
ATLDMDBO,SDWAYPIK
ATLDMDBO,UGEQLMXM
ATLDMDBO,UXSPKBJR
ATLDMDBO,VBYCLTYZ
ATLDMDBO,XUOIQPFL
AXULOHBQ,BJALXPFS
AXULOHBQ,BSRMSVTC
AXULOHBQ,DNMPSKTB
AXULOHBQ,EVBVXETX
AXULOHBQ,FDXPMYGF
AXULOHBQ,FQCLOEXA
AXULOHBQ,KEUWZRKO
AXULOHBQ,LUENUFGA
AXULOHBQ,NZKBIBNU
AXULOHBQ,OGAFEHLU
AXULOHBQ,PYZMVUWD
AXULOHBQ,RJGPVEXX
AXULOHBQ,SAHWCZNH
AXULOHBQ,UXSPKBJR
AXULOHBQ,VMAQSTJE
AXULOHBQ,WPQXWHYO
AXULOHBQ,XIFHSOWQ
AXULOHBQ,XUOIQPFL
BEZYMBBT,DBWLZWNK
BEZYMBBT,ELQGMQWE
BEZYMBBT,GYHKIVQT
BEZYMBBT,HXYSSRXE
BEZYMBBT,OKMBFVKS
BEZYMBBT,RAWUKQMJ
BEZYMBBT,RJGPVEXX
BEZYMBBT,WBLJNPZQ
BJALXPFS,DNMPSKTB
BJALXPFS,KEUWZRKO
BJALXPFS,OGAFEHLU
BJALXPFS,QRKRBYJL
BJALXPFS,QVLMOEYE
BJALXPFS,RJGPVEXX
BJALXPFS,SDWAYPIK
BJALXPFS,SNHYOVBM
BJALXPFS,UGEQLMXM
BJALXPFS,VMAQSTJE
BLANHGYY,AXULOHBQ
BLANHGYY,BJALXPFS
BLANHGYY,BSRMSVTC
BLANHGYY,DNMPSKTB
BLANHGYY,EVBVXETX
BLANHGYY,FDXPMYGF
BLANHGYY,FITUEHWN
BLANHGYY,FQCLOEXA
BLANHGYY,HCDTGMST
BLANHGYY,HXYSSRXE
BLANHGYY,JBVHSUWY
BLANHGYY,KEUWZRKO
BLANHGYY,LPHPPJUG
BLANHGYY,LRVGFDFM
BLANHGYY,OGAFEHLU
BLANHGYY,PYZMVUWD
BLANHGYY,SAHWCZNH
BLANHGYY,SUOYXCHP
BLANHGYY,TGOELCAG
BLANHGYY,VMAQSTJE
BLANHGYY,WBLJNPZQ
BLANHGYY,WPQXWHYO
BLANHGYY,WQMVCOEM
BLANHGYY,XUOIQPFL
BSRMSVTC,EVBVXETX
BSRMSVTC,FITUEHWN
BSRMSVTC,HCDTGMST
BSRMSVTC,JBVHSUWY
BSRMSVTC,JPBRUTWP
BSRMSVTC,KEUWZRKO
BSRMSVTC,LSOIUSXD
BSRMSVTC,LUENUFGA
BSRMSVTC,OGAFEHLU
BSRMSVTC,PYZMVUWD
BSRMSVTC,RJGPVEXX
BSRMSVTC,ROACSLMG
BSRMSVTC,TGOELCAG
BSRMSVTC,VMAQSTJE
BSRMSVTC,WPQXWHYO
BSRMSVTC,XIFHSOWQ
BSRMSVTC,XUOIQPFL
BTMOEMEP,APQGTRMF
BTMOEMEP,ATLDMDBO
BTMOEMEP,AXULOHBQ
BTMOEMEP,BLANHGYY
BTMOEMEP,BSRMSVTC
BTMOEMEP,DBWLZWNK
BTMOEMEP,DNMPSKTB
BTMOEMEP,FRHNWLNI
BTMOEMEP,GYHKIVQT
BTMOEMEP,HXYSSRXE
BTMOEMEP,IGDVVKUD
BTMOEMEP,JBVHSUWY
BTMOEMEP,JPBRUTWP
BTMOEMEP,LRVGFDFM
BTMOEMEP,OGAFEHLU
BTMOEMEP,OKMBFVKS
BTMOEMEP,OXKURKXR
BTMOEMEP,QRKRBYJL
BTMOEMEP,QVLMOEYE
BTMOEMEP,RAWUKQMJ
BTMOEMEP,RCBZUSIM
BTMOEMEP,SDWAYPIK
BTMOEMEP,UGEQLMXM
BTMOEMEP,UXSPKBJR
BTMOEMEP,VBYCLTYZ
BTMOEMEP,WBLJNPZQ
BTMOEMEP,WQMVCOEM
BTMOEMEP,XIIEJNEE
BTMOEMEP,XUOIQPFL
BUZIIBYG,BTMOEMEP
BUZIIBYG,DJBLNPNC
BUZIIBYG,FDXPMYGF
BUZIIBYG,FRHNWLNI
BUZIIBYG,FWUCPMMW
BUZIIBYG,RJGPVEXX
BUZIIBYG,SAHWCZNH
BUZIIBYG,UXSPKBJR
BUZIIBYG,WPQXWHYO
CCLHWFWF,DBWLZWNK
CCLHWFWF,DUCMGGNW
CCLHWFWF,FCYBOAXC
CCLHWFWF,FQCLOEXA
CCLHWFWF,LRVGFDFM
CCLHWFWF,LSOIUSXD
CCLHWFWF,LTOYKIML
CCLHWFWF,OGAFEHLU
CCLHWFWF,VUAFAIYJ
CCLHWFWF,VWMBASNE
CCLHWFWF,WHPUAOID
DBWLZWNK,APQGTRMF
DBWLZWNK,ATLDMDBO
DBWLZWNK,AXULOHBQ
DBWLZWNK,BTMOEMEP
DBWLZWNK,FRHNWLNI
DBWLZWNK,FWUCPMMW
DBWLZWNK,IGDVVKUD
DBWLZWNK,JPBRUTWP
DBWLZWNK,QRKRBYJL
DBWLZWNK,QVLMOEYE
DBWLZWNK,RCBZUSIM
DBWLZWNK,UXSPKBJR
DBWLZWNK,WHPUAOID
DDEXPPXU,JERHKLYW
DDEXPPXU,NZKBIBNU
DEWLVASR,APQGTRMF
DEWLVASR,BEZYMBBT
DEWLVASR,DNMPSKTB
DEWLVASR,ELQGMQWE
DEWLVASR,JPBRUTWP
DEWLVASR,KJNSOAHR
DEWLVASR,OKMBFVKS
DEWLVASR,RAWUKQMJ
DEWLVASR,UIFPPCLR
DEWLVASR,VMAQSTJE
DEWLVASR,WPQXWHYO
DEWLVASR,ZCELVYQU
DEWLVASR,ZKENOUDA
DEWLVASR,ZXERAXWP
DJBLNPNC,AXULOHBQ
DJBLNPNC,BLANHGYY
DJBLNPNC,BSRMSVTC
DJBLNPNC,FDXPMYGF
DJBLNPNC,ROACSLMG
DJBLNPNC,SUOYXCHP
DJBLNPNC,UQYUIVVR
DJBLNPNC,UXSPKBJR
DJBLNPNC,WBLJNPZQ
DJBLNPNC,WHPUAOID
DJBLNPNC,WQMVCOEM
DNMPSKTB,APQGTRMF
DNMPSKTB,ATLDMDBO
DNMPSKTB,AXULOHBQ
DNMPSKTB,DBWLZWNK
DNMPSKTB,EVBVXETX
DNMPSKTB,GYHKIVQT
DNMPSKTB,HXYSSRXE
DNMPSKTB,IGDVVKUD
DNMPSKTB,JPBRUTWP
DNMPSKTB,LRVGFDFM
DNMPSKTB,OGAFEHLU
DNMPSKTB,OKMBFVKS
DNMPSKTB,OXKURKXR
DNMPSKTB,QJQJSWFU
DNMPSKTB,QRKRBYJL
DNMPSKTB,QVLMOEYE
DNMPSKTB,RAWUKQMJ
DNMPSKTB,RCBZUSIM
DNMPSKTB,RJGPVEXX
DNMPSKTB,SDWAYPIK
DNMPSKTB,UGEQLMXM
DNMPSKTB,UIFPPCLR
DNMPSKTB,VBYCLTYZ
DNMPSKTB,VWMBASNE
DNMPSKTB,XIFHSOWQ
DNMPSKTB,XIIEJNEE
DNMPSKTB,XUOIQPFL
DNMPSKTB,ZGJXVMNI
DUCMGGNW,BLANHGYY
DUCMGGNW,UXSPKBJR
ELQGMQWE,AANGBULD
ELQGMQWE,DEWLVASR
ELQGMQWE,FITUEHWN
ELQGMQWE,FQCLOEXA
ELQGMQWE,FTSVTTSR
ELQGMQWE,HXYSSRXE
ELQGMQWE,JSLXRQOK
ELQGMQWE,KJNSOAHR
ELQGMQWE,LLHREMKS
ELQGMQWE,NAQIHUKZ
ELQGMQWE,OKMBFVKS
ELQGMQWE,UIFPPCLR
ELQGMQWE,WBLJNPZQ
ELQGMQWE,XIIEJNEE
ELQGMQWE,XUOIQPFL
ELQGMQWE,ZKENOUDA
EVBVXETX,ATLDMDBO
EVBVXETX,AXULOHBQ
EVBVXETX,BJALXPFS
EVBVXETX,BLANHGYY
EVBVXETX,FDXPMYGF
EVBVXETX,FRHNWLNI
EVBVXETX,IGDVVKUD
EVBVXETX,KEUWZRKO
EVBVXETX,KJNSOAHR
EVBVXETX,LUENUFGA
EVBVXETX,NZKBIBNU
EVBVXETX,RCBZUSIM
EVBVXETX,SAHWCZNH
EVBVXETX,WPQXWHYO
EVBVXETX,XIFHSOWQ
EVBVXETX,XIPPENFQ
EVBVXETX,ZCELVYQU
FCYBOAXC,FWUCPMMW
FCYBOAXC,QKXNTIIB
FCYBOAXC,VUAFAIYJ
FCYBOAXC,WBLJNPZQ
FDXPMYGF,BSRMSVTC
FDXPMYGF,DUCMGGNW
FDXPMYGF,FITUEHWN
FDXPMYGF,HCDTGMST
FDXPMYGF,HXYSSRXE
FDXPMYGF,KEUWZRKO
FDXPMYGF,LUENUFGA
FDXPMYGF,OGAFEHLU
FDXPMYGF,PYZMVUWD
FDXPMYGF,SAHWCZNH
FDXPMYGF,SUOYXCHP
FDXPMYGF,TGOELCAG
FDXPMYGF,VMAQSTJE
FDXPMYGF,WBLJNPZQ
FDXPMYGF,WQMVCOEM
FDXPMYGF,XIFHSOWQ
FITUEHWN,KJNSOAHR
FITUEHWN,RCBZUSIM
FITUEHWN,SAAYMURU
FITUEHWN,STZDBITS
FQCLOEXA,AXULOHBQ
FQCLOEXA,BSRMSVTC
FQCLOEXA,DEWLVASR
FQCLOEXA,EVBVXETX
FQCLOEXA,FITUEHWN
FQCLOEXA,IGDVVKUD
FQCLOEXA,KEUWZRKO
FQCLOEXA,LUENUFGA
FQCLOEXA,NZKBIBNU
FQCLOEXA,PYZMVUWD
FQCLOEXA,SAHWCZNH
FQCLOEXA,SNHYOVBM
FQCLOEXA,WPQXWHYO
FQCLOEXA,XIFHSOWQ
FQCLOEXA,ZCELVYQU
FQCLOEXA,ZKENOUDA
FRHNWLNI,ATLDMDBO
FRHNWLNI,DNMPSKTB
FRHNWLNI,DUCMGGNW
FRHNWLNI,IGDVVKUD
FRHNWLNI,LPHPPJUG
FRHNWLNI,LUENUFGA
FRHNWLNI,QRKRBYJL
FRHNWLNI,RCBZUSIM
FRHNWLNI,VBYCLTYZ
FTSVTTSR,DEWLVASR
FTSVTTSR,GKQIJYDH
FTSVTTSR,LLHREMKS
FTSVTTSR,SAAYMURU
FTSVTTSR,SNHYOVBM
FTSVTTSR,STZDBITS
FTSVTTSR,TGOELCAG
FTSVTTSR,XIIEJNEE
FTSVTTSR,ZCELVYQU
FWUCPMMW,AXULOHBQ
FWUCPMMW,BLANHGYY
FWUCPMMW,BSRMSVTC
FWUCPMMW,FDXPMYGF
FWUCPMMW,FTSVTTSR
FWUCPMMW,JSLXRQOK
FWUCPMMW,LLHREMKS
FWUCPMMW,NAQIHUKZ
FWUCPMMW,WHPUAOID
FWUCPMMW,XIIEJNEE
GKQIJYDH,FWUCPMMW
GKQIJYDH,YSYHGLQK
GKQIJYDH,ZXERAXWP
GYHKIVQT,AANGBULD
GYHKIVQT,APQGTRMF
GYHKIVQT,ATLDMDBO
GYHKIVQT,AXULOHBQ
GYHKIVQT,BEZYMBBT
GYHKIVQT,BSRMSVTC
GYHKIVQT,DEWLVASR
GYHKIVQT,DNMPSKTB
GYHKIVQT,ELQGMQWE
GYHKIVQT,EVBVXETX
GYHKIVQT,FQCLOEXA
GYHKIVQT,HXYSSRXE
GYHKIVQT,LPHPPJUG
GYHKIVQT,NZKBIBNU
GYHKIVQT,OKMBFVKS
GYHKIVQT,QRKRBYJL
GYHKIVQT,QVLMOEYE
GYHKIVQT,RCBZUSIM
GYHKIVQT,SAHWCZNH
GYHKIVQT,SDWAYPIK
GYHKIVQT,UIFPPCLR
GYHKIVQT,VWMBASNE
GYHKIVQT,WPQXWHYO
GYHKIVQT,XUOIQPFL
GYHKIVQT,ZGJXVMNI
GYHKIVQT,ZKENOUDA
GYHKIVQT,ZXERAXWP
HCDTGMST,ATLDMDBO
HCDTGMST,BEZYMBBT
HCDTGMST,JERHKLYW
HCDTGMST,KEUWZRKO
HCDTGMST,LUENUFGA
HCDTGMST,RCBZUSIM
HCDTGMST,STZDBITS
HCDTGMST,XIFHSOWQ
HXYSSRXE,ATLDMDBO
HXYSSRXE,AXULOHBQ
HXYSSRXE,BLANHGYY
HXYSSRXE,BSRMSVTC
HXYSSRXE,DNMPSKTB
HXYSSRXE,EVBVXETX
HXYSSRXE,FDXPMYGF
HXYSSRXE,FQCLOEXA
HXYSSRXE,GYHKIVQT
HXYSSRXE,JPBRUTWP
HXYSSRXE,KEUWZRKO
HXYSSRXE,LPHPPJUG
HXYSSRXE,OGAFEHLU
HXYSSRXE,PYZMVUWD
HXYSSRXE,RAWUKQMJ
HXYSSRXE,RJGPVEXX
HXYSSRXE,SAHWCZNH
HXYSSRXE,SDWAYPIK
HXYSSRXE,SUOYXCHP
HXYSSRXE,UGEQLMXM
HXYSSRXE,WPQXWHYO
HXYSSRXE,XIFHSOWQ
HXYSSRXE,ZGJXVMNI
HXYSSRXE,ZKENOUDA
IGDVVKUD,ATLDMDBO
IGDVVKUD,BLANHGYY
IGDVVKUD,BSRMSVTC
IGDVVKUD,BTMOEMEP
IGDVVKUD,DJBLNPNC
IGDVVKUD,DNMPSKTB
IGDVVKUD,FDXPMYGF
IGDVVKUD,HXYSSRXE
IGDVVKUD,LRVGFDFM
IGDVVKUD,QRKRBYJL
IGDVVKUD,QVLMOEYE
IGDVVKUD,ROACSLMG
IGDVVKUD,SDWAYPIK
IGDVVKUD,SNHYOVBM
IGDVVKUD,SUOYXCHP
IGDVVKUD,UXSPKBJR
IGDVVKUD,VBYCLTYZ
IGDVVKUD,WHPUAOID
IGDVVKUD,WQMVCOEM
JBVHSUWY,APQGTRMF
JBVHSUWY,ELQGMQWE
JBVHSUWY,FTSVTTSR
JBVHSUWY,KEUWZRKO
JBVHSUWY,KJNSOAHR
JBVHSUWY,LLHREMKS
JBVHSUWY,LTOYKIML
JBVHSUWY,NAQIHUKZ
JBVHSUWY,VMAQSTJE
JERHKLYW,BEZYMBBT
JERHKLYW,DBWLZWNK
JERHKLYW,QKXNTIIB
JERHKLYW,TGOELCAG
JERHKLYW,VUAFAIYJ
JPBRUTWP,APQGTRMF
JPBRUTWP,ATLDMDBO
JPBRUTWP,AXULOHBQ
JPBRUTWP,BEZYMBBT
JPBRUTWP,BSRMSVTC
JPBRUTWP,BTMOEMEP
JPBRUTWP,DNMPSKTB
JPBRUTWP,ELQGMQWE
JPBRUTWP,FQCLOEXA
JPBRUTWP,GYHKIVQT
JPBRUTWP,HXYSSRXE
JPBRUTWP,JBVHSUWY
JPBRUTWP,OKMBFVKS
JPBRUTWP,OXKURKXR
JPBRUTWP,QRKRBYJL
JPBRUTWP,QVLMOEYE
JPBRUTWP,RCBZUSIM
JPBRUTWP,SDWAYPIK
JPBRUTWP,UGEQLMXM
JPBRUTWP,VBYCLTYZ
JPBRUTWP,VWMBASNE
JPBRUTWP,WBLJNPZQ
JPBRUTWP,XUOIQPFL
JSLXRQOK,DJBLNPNC
JSLXRQOK,FTSVTTSR
JSLXRQOK,KJNSOAHR
JSLXRQOK,LLHREMKS
JSLXRQOK,NAQIHUKZ
JSLXRQOK,SAAYMURU
JSLXRQOK,TGOELCAG
JSLXRQOK,XIIEJNEE
KAGJCHMR,AANGBULD
KAGJCHMR,DDEXPPXU
KAGJCHMR,FQCLOEXA
KAGJCHMR,FWUCPMMW
KAGJCHMR,GKQIJYDH
KAGJCHMR,JERHKLYW
KAGJCHMR,JSLXRQOK
KAGJCHMR,LTOYKIML
KAGJCHMR,NZKBIBNU
KAGJCHMR,RJGPVEXX
KAGJCHMR,ZKENOUDA
KEUWZRKO,EVBVXETX
KEUWZRKO,LUENUFGA
KEUWZRKO,NZKBIBNU
KEUWZRKO,RJGPVEXX
KEUWZRKO,SAHWCZNH
KEUWZRKO,UIFPPCLR
KEUWZRKO,VWMBASNE
KEUWZRKO,WPQXWHYO
KEUWZRKO,XIFHSOWQ
KEUWZRKO,XIPPENFQ
KJNSOAHR,EVBVXETX
KJNSOAHR,FCYBOAXC
KJNSOAHR,GKQIJYDH
KJNSOAHR,IGDVVKUD
KJNSOAHR,QRKRBYJL
KJNSOAHR,VBYCLTYZ
KJNSOAHR,ZCELVYQU
LLHREMKS,AANGBULD
LLHREMKS,BLANHGYY
LLHREMKS,ELQGMQWE
LLHREMKS,FWUCPMMW
LLHREMKS,GKQIJYDH
LLHREMKS,KAGJCHMR
LLHREMKS,LSOIUSXD
LLHREMKS,MBSBZBXA
LLHREMKS,STZDBITS
LLHREMKS,UGEQLMXM
LLHREMKS,VBYCLTYZ
LLHREMKS,XIIEJNEE
LLHREMKS,ZCELVYQU
LLHREMKS,ZXERAXWP
LPHPPJUG,AHMDUILJ
LPHPPJUG,AXULOHBQ
LPHPPJUG,DDEXPPXU
LPHPPJUG,EVBVXETX
LPHPPJUG,FQCLOEXA
LPHPPJUG,HXYSSRXE
LPHPPJUG,NZKBIBNU
LPHPPJUG,ZKENOUDA
LRVGFDFM,ATLDMDBO
LRVGFDFM,AXULOHBQ
LRVGFDFM,BTMOEMEP
LRVGFDFM,DBWLZWNK
LRVGFDFM,DJBLNPNC
LRVGFDFM,DNMPSKTB
LRVGFDFM,GYHKIVQT
LRVGFDFM,IGDVVKUD
LRVGFDFM,JPBRUTWP
LRVGFDFM,LPHPPJUG
LRVGFDFM,OGAFEHLU
LRVGFDFM,OXKURKXR
LRVGFDFM,QRKRBYJL
LRVGFDFM,QVLMOEYE
LRVGFDFM,RCBZUSIM
LRVGFDFM,SDWAYPIK
LRVGFDFM,UGEQLMXM
LRVGFDFM,UXSPKBJR
LRVGFDFM,VBYCLTYZ
LRVGFDFM,VWMBASNE
LRVGFDFM,XIIEJNEE
LSOIUSXD,AXULOHBQ
LSOIUSXD,CCLHWFWF
LSOIUSXD,DUCMGGNW
LSOIUSXD,GYHKIVQT
LSOIUSXD,KJNSOAHR
LSOIUSXD,LRVGFDFM
LSOIUSXD,VUAFAIYJ
LSOIUSXD,VWMBASNE
LSOIUSXD,WBLJNPZQ
LSOIUSXD,XIPPENFQ
LTOYKIML,FTSVTTSR
LTOYKIML,JPBRUTWP
LTOYKIML,JSLXRQOK
LTOYKIML,LLHREMKS
LTOYKIML,MBSBZBXA
LTOYKIML,NAQIHUKZ
LTOYKIML,OXKURKXR
LTOYKIML,VUAFAIYJ
LTOYKIML,XIIEJNEE
LUENUFGA,DNMPSKTB
LUENUFGA,EVBVXETX
LUENUFGA,KJNSOAHR
LUENUFGA,LPHPPJUG
LUENUFGA,MIRCVAMV
LUENUFGA,RAWUKQMJ
LUENUFGA,VWMBASNE
LUENUFGA,XIFHSOWQ
LUENUFGA,XIPPENFQ
LUENUFGA,ZXERAXWP
MBSBZBXA,HCDTGMST
MBSBZBXA,QJQJSWFU
MIRCVAMV,CCLHWFWF
MIRCVAMV,DDEXPPXU
MIRCVAMV,KAGJCHMR
MIRCVAMV,LTOYKIML
MIRCVAMV,NZKBIBNU
MIRCVAMV,VUAFAIYJ
MIRCVAMV,ZGJXVMNI
NAQIHUKZ,FITUEHWN
NAQIHUKZ,FTSVTTSR
NAQIHUKZ,GKQIJYDH
NAQIHUKZ,LLHREMKS
NAQIHUKZ,SAAYMURU
NAQIHUKZ,STZDBITS
NAQIHUKZ,TGOELCAG
NAQIHUKZ,ZCELVYQU
NZKBIBNU,ELQGMQWE
NZKBIBNU,EVBVXETX
NZKBIBNU,FRHNWLNI
NZKBIBNU,FTSVTTSR
NZKBIBNU,FWUCPMMW
NZKBIBNU,JSLXRQOK
NZKBIBNU,KEUWZRKO
NZKBIBNU,KJNSOAHR
NZKBIBNU,LUENUFGA
NZKBIBNU,NAQIHUKZ
NZKBIBNU,OKMBFVKS
NZKBIBNU,SAHWCZNH
NZKBIBNU,WPQXWHYO
NZKBIBNU,XIIEJNEE
OGAFEHLU,APQGTRMF
OGAFEHLU,ATLDMDBO
OGAFEHLU,BTMOEMEP
OGAFEHLU,DBWLZWNK
OGAFEHLU,DJBLNPNC
OGAFEHLU,DNMPSKTB
OGAFEHLU,FCYBOAXC
OGAFEHLU,GYHKIVQT
OGAFEHLU,IGDVVKUD
OGAFEHLU,JPBRUTWP
OGAFEHLU,LRVGFDFM
OGAFEHLU,OKMBFVKS
OGAFEHLU,OXKURKXR
OGAFEHLU,QRKRBYJL
OGAFEHLU,QVLMOEYE
OGAFEHLU,RCBZUSIM
OGAFEHLU,SDWAYPIK
OGAFEHLU,UGEQLMXM
OGAFEHLU,UIFPPCLR
OGAFEHLU,UXSPKBJR
OGAFEHLU,VBYCLTYZ
OGAFEHLU,VWMBASNE
OGAFEHLU,XIIEJNEE
OGAFEHLU,XUOIQPFL
OJIFIHMZ,AHMDUILJ
OJIFIHMZ,FITUEHWN
OJIFIHMZ,KEUWZRKO
OJIFIHMZ,SNHYOVBM
OJIFIHMZ,STZDBITS
OKMBFVKS,ATLDMDBO
OKMBFVKS,BEZYMBBT
OKMBFVKS,BTMOEMEP
OKMBFVKS,DJBLNPNC
OKMBFVKS,ELQGMQWE
OKMBFVKS,FDXPMYGF
OKMBFVKS,FQCLOEXA
OKMBFVKS,GYHKIVQT
OKMBFVKS,IGDVVKUD
OKMBFVKS,QVLMOEYE
OKMBFVKS,RCBZUSIM
OKMBFVKS,RJGPVEXX
OKMBFVKS,SDWAYPIK
OKMBFVKS,UIFPPCLR
OKMBFVKS,VWMBASNE
OKMBFVKS,ZGJXVMNI
OKMBFVKS,ZXERAXWP
OXKURKXR,APQGTRMF
OXKURKXR,ATLDMDBO
OXKURKXR,AXULOHBQ
OXKURKXR,BEZYMBBT
OXKURKXR,DJBLNPNC
OXKURKXR,FTSVTTSR
OXKURKXR,GYHKIVQT
OXKURKXR,HXYSSRXE
OXKURKXR,JPBRUTWP
OXKURKXR,JSLXRQOK
OXKURKXR,NAQIHUKZ
OXKURKXR,QVLMOEYE
OXKURKXR,SDWAYPIK
OXKURKXR,TGOELCAG
OXKURKXR,UGEQLMXM
PYZMVUWD,AHMDUILJ
PYZMVUWD,LSOIUSXD
PYZMVUWD,LUENUFGA
PYZMVUWD,MIRCVAMV
PYZMVUWD,QJQJSWFU
PYZMVUWD,RJGPVEXX
PYZMVUWD,UGEQLMXM
PYZMVUWD,VUAFAIYJ
PYZMVUWD,XIFHSOWQ
PYZMVUWD,XIPPENFQ
PYZMVUWD,XMKRPGLB
PYZMVUWD,ZXERAXWP
QJQJSWFU,OKMBFVKS
QJQJSWFU,OXKURKXR
QJQJSWFU,SDWAYPIK
QKXNTIIB,BLANHGYY
QKXNTIIB,FTSVTTSR
QKXNTIIB,JSLXRQOK
QKXNTIIB,NAQIHUKZ
QKXNTIIB,SNHYOVBM
QRKRBYJL,APQGTRMF
QRKRBYJL,ATLDMDBO
QRKRBYJL,AXULOHBQ
QRKRBYJL,BEZYMBBT
QRKRBYJL,BJALXPFS
QRKRBYJL,BLANHGYY
QRKRBYJL,BSRMSVTC
QRKRBYJL,BTMOEMEP
QRKRBYJL,DNMPSKTB
QRKRBYJL,FDXPMYGF
QRKRBYJL,FRHNWLNI
QRKRBYJL,GYHKIVQT
QRKRBYJL,HXYSSRXE
QRKRBYJL,JPBRUTWP
QRKRBYJL,OGAFEHLU
QRKRBYJL,OKMBFVKS
QRKRBYJL,OXKURKXR
QRKRBYJL,QVLMOEYE
QRKRBYJL,RAWUKQMJ
QRKRBYJL,RCBZUSIM
QRKRBYJL,RJGPVEXX
QRKRBYJL,SDWAYPIK
QRKRBYJL,UGEQLMXM
QRKRBYJL,UIFPPCLR
QRKRBYJL,UXSPKBJR
QRKRBYJL,VBYCLTYZ
QRKRBYJL,XUOIQPFL
QVLMOEYE,APQGTRMF
QVLMOEYE,ATLDMDBO
QVLMOEYE,AXULOHBQ
QVLMOEYE,BEZYMBBT
QVLMOEYE,BJALXPFS
QVLMOEYE,BLANHGYY
QVLMOEYE,BSRMSVTC
QVLMOEYE,BTMOEMEP
QVLMOEYE,DJBLNPNC
QVLMOEYE,DNMPSKTB
QVLMOEYE,FDXPMYGF
QVLMOEYE,FQCLOEXA
QVLMOEYE,FRHNWLNI
QVLMOEYE,GYHKIVQT
QVLMOEYE,HXYSSRXE
QVLMOEYE,JPBRUTWP
QVLMOEYE,LPHPPJUG
QVLMOEYE,OKMBFVKS
QVLMOEYE,QRKRBYJL
QVLMOEYE,RAWUKQMJ
QVLMOEYE,RCBZUSIM
QVLMOEYE,SDWAYPIK
QVLMOEYE,VBYCLTYZ
QVLMOEYE,VWMBASNE
QVLMOEYE,WBLJNPZQ
QVLMOEYE,WQMVCOEM
QVLMOEYE,XUOIQPFL
RAWUKQMJ,AXULOHBQ
RAWUKQMJ,DNMPSKTB
RAWUKQMJ,EVBVXETX
RAWUKQMJ,FDXPMYGF
RAWUKQMJ,FQCLOEXA
RAWUKQMJ,GYHKIVQT
RAWUKQMJ,HXYSSRXE
RAWUKQMJ,NZKBIBNU
RAWUKQMJ,RJGPVEXX
RAWUKQMJ,SAHWCZNH
RAWUKQMJ,UGEQLMXM
RAWUKQMJ,VMAQSTJE
RAWUKQMJ,WPQXWHYO
RAWUKQMJ,ZGJXVMNI
RCBZUSIM,APQGTRMF
RCBZUSIM,ATLDMDBO
RCBZUSIM,AXULOHBQ
RCBZUSIM,BJALXPFS
RCBZUSIM,BTMOEMEP
RCBZUSIM,DDEXPPXU
RCBZUSIM,DNMPSKTB
RCBZUSIM,FDXPMYGF
RCBZUSIM,GYHKIVQT
RCBZUSIM,QRKRBYJL
RCBZUSIM,QVLMOEYE
RCBZUSIM,XUOIQPFL
RCBZUSIM,YSYHGLQK
RCBZUSIM,ZGJXVMNI
RJGPVEXX,AANGBULD
RJGPVEXX,FITUEHWN
RJGPVEXX,GYHKIVQT
RJGPVEXX,KEUWZRKO
RJGPVEXX,KJNSOAHR
RJGPVEXX,LUENUFGA
RJGPVEXX,SAHWCZNH
RJGPVEXX,SDWAYPIK
RJGPVEXX,UIFPPCLR
RJGPVEXX,UQYUIVVR
RJGPVEXX,VBYCLTYZ
RJGPVEXX,VUAFAIYJ
RJGPVEXX,VWMBASNE
RJGPVEXX,XIFHSOWQ
RJGPVEXX,ZKENOUDA
ROACSLMG,APQGTRMF
ROACSLMG,ATLDMDBO
ROACSLMG,BTMOEMEP
ROACSLMG,DJBLNPNC
ROACSLMG,FDXPMYGF
ROACSLMG,IGDVVKUD
ROACSLMG,JPBRUTWP
ROACSLMG,QRKRBYJL
ROACSLMG,TGOELCAG
ROACSLMG,VBYCLTYZ
ROACSLMG,XMKRPGLB
ROACSLMG,XUOIQPFL
SAAYMURU,BJALXPFS
SAAYMURU,FWUCPMMW
SAAYMURU,MBSBZBXA
SAAYMURU,STZDBITS
SAAYMURU,UQYUIVVR
SAAYMURU,XIIEJNEE
SAHWCZNH,EVBVXETX
SAHWCZNH,JSLXRQOK
SAHWCZNH,KEUWZRKO
SAHWCZNH,LUENUFGA
SAHWCZNH,MIRCVAMV
SAHWCZNH,NZKBIBNU
SAHWCZNH,RJGPVEXX
SAHWCZNH,WPQXWHYO
SAHWCZNH,WQMVCOEM
SAHWCZNH,XIFHSOWQ
SAHWCZNH,XIPPENFQ
SDWAYPIK,AANGBULD
SDWAYPIK,APQGTRMF
SDWAYPIK,ATLDMDBO
SDWAYPIK,AXULOHBQ
SDWAYPIK,BEZYMBBT
SDWAYPIK,BTMOEMEP
SDWAYPIK,DBWLZWNK
SDWAYPIK,DNMPSKTB
SDWAYPIK,DUCMGGNW
SDWAYPIK,GYHKIVQT
SDWAYPIK,HXYSSRXE
SDWAYPIK,IGDVVKUD
SDWAYPIK,JPBRUTWP
SDWAYPIK,LRVGFDFM
SDWAYPIK,LSOIUSXD
SDWAYPIK,OGAFEHLU
SDWAYPIK,OKMBFVKS
SDWAYPIK,OXKURKXR
SDWAYPIK,QJQJSWFU
SDWAYPIK,QRKRBYJL
SDWAYPIK,QVLMOEYE
SDWAYPIK,RAWUKQMJ
SDWAYPIK,RCBZUSIM
SDWAYPIK,UGEQLMXM
SDWAYPIK,UIFPPCLR
SDWAYPIK,UXSPKBJR
SDWAYPIK,VBYCLTYZ
SDWAYPIK,VWMBASNE
SDWAYPIK,WBLJNPZQ
SDWAYPIK,WQMVCOEM
SDWAYPIK,XUOIQPFL
SNHYOVBM,AHMDUILJ
SNHYOVBM,BLANHGYY
SNHYOVBM,DBWLZWNK
SNHYOVBM,DJBLNPNC
SNHYOVBM,DUCMGGNW
SNHYOVBM,HCDTGMST
STZDBITS,FWUCPMMW
STZDBITS,XIIEJNEE
STZDBITS,YSYHGLQK
SUOYXCHP,FITUEHWN
SUOYXCHP,HCDTGMST
SUOYXCHP,KEUWZRKO
SUOYXCHP,RJGPVEXX
SUOYXCHP,STZDBITS
SUOYXCHP,WPQXWHYO
TGOELCAG,KEUWZRKO
TGOELCAG,LLHREMKS
TGOELCAG,LUENUFGA
TGOELCAG,OJIFIHMZ
TGOELCAG,XIFHSOWQ
TGOELCAG,YSYHGLQK
UGEQLMXM,APQGTRMF
UGEQLMXM,ATLDMDBO
UGEQLMXM,AXULOHBQ
UGEQLMXM,BLANHGYY
UGEQLMXM,BTMOEMEP
UGEQLMXM,DBWLZWNK
UGEQLMXM,DJBLNPNC
UGEQLMXM,DNMPSKTB
UGEQLMXM,DUCMGGNW
UGEQLMXM,GYHKIVQT
UGEQLMXM,HXYSSRXE
UGEQLMXM,IGDVVKUD
UGEQLMXM,JPBRUTWP
UGEQLMXM,LPHPPJUG
UGEQLMXM,LSOIUSXD
UGEQLMXM,OGAFEHLU
UGEQLMXM,OKMBFVKS
UGEQLMXM,OXKURKXR
UGEQLMXM,QRKRBYJL
UGEQLMXM,QVLMOEYE
UGEQLMXM,RAWUKQMJ
UGEQLMXM,RCBZUSIM
UGEQLMXM,SDWAYPIK
UGEQLMXM,UXSPKBJR
UGEQLMXM,VBYCLTYZ
UGEQLMXM,VWMBASNE
UGEQLMXM,WHPUAOID
UGEQLMXM,ZKENOUDA
UIFPPCLR,APQGTRMF
UIFPPCLR,ELQGMQWE
UIFPPCLR,GYHKIVQT
UIFPPCLR,HXYSSRXE
UIFPPCLR,KJNSOAHR
UIFPPCLR,QRKRBYJL
UIFPPCLR,QVLMOEYE
UIFPPCLR,SDWAYPIK
UIFPPCLR,UXSPKBJR
UIFPPCLR,VBYCLTYZ
UIFPPCLR,WQMVCOEM
UIFPPCLR,XUOIQPFL
UQYUIVVR,TGOELCAG
UQYUIVVR,UIFPPCLR
UQYUIVVR,VMAQSTJE
UQYUIVVR,WHPUAOID
UQYUIVVR,WQMVCOEM
UXSPKBJR,APQGTRMF
UXSPKBJR,ATLDMDBO
UXSPKBJR,BTMOEMEP
UXSPKBJR,DBWLZWNK
UXSPKBJR,DNMPSKTB
UXSPKBJR,FRHNWLNI
UXSPKBJR,HXYSSRXE
UXSPKBJR,IGDVVKUD
UXSPKBJR,JPBRUTWP
UXSPKBJR,KEUWZRKO
UXSPKBJR,LRVGFDFM
UXSPKBJR,OJIFIHMZ
UXSPKBJR,QRKRBYJL
UXSPKBJR,QVLMOEYE
UXSPKBJR,RAWUKQMJ
UXSPKBJR,RCBZUSIM
UXSPKBJR,SDWAYPIK
UXSPKBJR,VBYCLTYZ
UXSPKBJR,WQMVCOEM
UXSPKBJR,XIIEJNEE
VBYCLTYZ,APQGTRMF
VBYCLTYZ,ATLDMDBO
VBYCLTYZ,AXULOHBQ
VBYCLTYZ,BEZYMBBT
VBYCLTYZ,BLANHGYY
VBYCLTYZ,BTMOEMEP
VBYCLTYZ,DJBLNPNC
VBYCLTYZ,DNMPSKTB
VBYCLTYZ,FDXPMYGF
VBYCLTYZ,FRHNWLNI
VBYCLTYZ,GYHKIVQT
VBYCLTYZ,HXYSSRXE
VBYCLTYZ,IGDVVKUD
VBYCLTYZ,JPBRUTWP
VBYCLTYZ,LPHPPJUG
VBYCLTYZ,OXKURKXR
VBYCLTYZ,QRKRBYJL
VBYCLTYZ,QVLMOEYE
VBYCLTYZ,RAWUKQMJ
VBYCLTYZ,RCBZUSIM
VBYCLTYZ,SDWAYPIK
VBYCLTYZ,UGEQLMXM
VBYCLTYZ,UXSPKBJR
VBYCLTYZ,WQMVCOEM
VBYCLTYZ,XUOIQPFL
VMAQSTJE,KEUWZRKO
VMAQSTJE,OGAFEHLU
VMAQSTJE,PYZMVUWD
VMAQSTJE,RCBZUSIM
VMAQSTJE,STZDBITS
VMAQSTJE,UIFPPCLR
VMAQSTJE,VWMBASNE
VMAQSTJE,WPQXWHYO
VMAQSTJE,XIFHSOWQ
VUAFAIYJ,APQGTRMF
VUAFAIYJ,CCLHWFWF
VUAFAIYJ,FCYBOAXC
VUAFAIYJ,LLHREMKS
VUAFAIYJ,LRVGFDFM
VUAFAIYJ,LSOIUSXD
VUAFAIYJ,VWMBASNE
VUAFAIYJ,WBLJNPZQ
VUAFAIYJ,WHPUAOID
VUAFAIYJ,XIPPENFQ
VUAFAIYJ,ZCELVYQU
VWMBASNE,CCLHWFWF
VWMBASNE,FCYBOAXC
VWMBASNE,MIRCVAMV
VWMBASNE,WBLJNPZQ
VWMBASNE,XIPPENFQ
WBLJNPZQ,AANGBULD
WBLJNPZQ,ATLDMDBO
WBLJNPZQ,AXULOHBQ
WBLJNPZQ,BJALXPFS
WBLJNPZQ,BSRMSVTC
WBLJNPZQ,BTMOEMEP
WBLJNPZQ,CCLHWFWF
WBLJNPZQ,DEWLVASR
WBLJNPZQ,HXYSSRXE
WBLJNPZQ,JPBRUTWP
WBLJNPZQ,LPHPPJUG
WBLJNPZQ,LRVGFDFM
WBLJNPZQ,LSOIUSXD
WBLJNPZQ,MIRCVAMV
WBLJNPZQ,OGAFEHLU
WBLJNPZQ,OKMBFVKS
WBLJNPZQ,QRKRBYJL
WBLJNPZQ,RAWUKQMJ
WBLJNPZQ,RJGPVEXX
WBLJNPZQ,SDWAYPIK
WBLJNPZQ,SNHYOVBM
WBLJNPZQ,UGEQLMXM
WBLJNPZQ,VUAFAIYJ
WBLJNPZQ,ZGJXVMNI
WHPUAOID,DUCMGGNW
WHPUAOID,FDXPMYGF
WHPUAOID,LRVGFDFM
WPQXWHYO,EVBVXETX
WPQXWHYO,LUENUFGA
WPQXWHYO,MIRCVAMV
WPQXWHYO,NZKBIBNU
WPQXWHYO,RJGPVEXX
WPQXWHYO,SAHWCZNH
WPQXWHYO,VMAQSTJE
WPQXWHYO,XIFHSOWQ
WPQXWHYO,XIPPENFQ
WPQXWHYO,ZKENOUDA
WQMVCOEM,AXULOHBQ
WQMVCOEM,BJALXPFS
WQMVCOEM,FDXPMYGF
WQMVCOEM,JPBRUTWP
WQMVCOEM,OGAFEHLU
WQMVCOEM,SUOYXCHP
XIFHSOWQ,EVBVXETX
XIFHSOWQ,FCYBOAXC
XIFHSOWQ,FRHNWLNI
XIFHSOWQ,LUENUFGA
XIFHSOWQ,MIRCVAMV
XIFHSOWQ,NZKBIBNU
XIFHSOWQ,SAHWCZNH
XIFHSOWQ,VWMBASNE
XIFHSOWQ,WPQXWHYO
XIFHSOWQ,XIPPENFQ
XIIEJNEE,APQGTRMF
XIIEJNEE,ATLDMDBO
XIIEJNEE,BTMOEMEP
XIIEJNEE,BUZIIBYG
XIIEJNEE,DBWLZWNK
XIIEJNEE,DJBLNPNC
XIIEJNEE,DNMPSKTB
XIIEJNEE,DUCMGGNW
XIIEJNEE,EVBVXETX
XIIEJNEE,FRHNWLNI
XIIEJNEE,FWUCPMMW
XIIEJNEE,HXYSSRXE
XIIEJNEE,IGDVVKUD
XIIEJNEE,LRVGFDFM
XIIEJNEE,OKMBFVKS
XIIEJNEE,QRKRBYJL
XIIEJNEE,QVLMOEYE
XIIEJNEE,RCBZUSIM
XIIEJNEE,ROACSLMG
XIIEJNEE,SAAYMURU
XIIEJNEE,SDWAYPIK
XIIEJNEE,SNHYOVBM
XIIEJNEE,UXSPKBJR
XIIEJNEE,VBYCLTYZ
XIIEJNEE,WHPUAOID
XIPPENFQ,DDEXPPXU
XIPPENFQ,FCYBOAXC
XIPPENFQ,MIRCVAMV
XIPPENFQ,ZGJXVMNI
XMKRPGLB,BSRMSVTC
XMKRPGLB,SNHYOVBM
XUOIQPFL,APQGTRMF
XUOIQPFL,ATLDMDBO
XUOIQPFL,BEZYMBBT
XUOIQPFL,BTMOEMEP
XUOIQPFL,DBWLZWNK
XUOIQPFL,DJBLNPNC
XUOIQPFL,DNMPSKTB
XUOIQPFL,GYHKIVQT
XUOIQPFL,IGDVVKUD
XUOIQPFL,JPBRUTWP
XUOIQPFL,LPHPPJUG
XUOIQPFL,LRVGFDFM
XUOIQPFL,OGAFEHLU
XUOIQPFL,OKMBFVKS
XUOIQPFL,OXKURKXR
XUOIQPFL,QRKRBYJL
XUOIQPFL,QVLMOEYE
XUOIQPFL,RAWUKQMJ
XUOIQPFL,SDWAYPIK
XUOIQPFL,UGEQLMXM
XUOIQPFL,UIFPPCLR
XUOIQPFL,UXSPKBJR
XUOIQPFL,VBYCLTYZ
XUOIQPFL,VWMBASNE
XUOIQPFL,XIIEJNEE
XUOIQPFL,ZGJXVMNI
YSYHGLQK,HCDTGMST
YSYHGLQK,LPHPPJUG
ZCELVYQU,BLANHGYY
ZCELVYQU,ELQGMQWE
ZCELVYQU,FWUCPMMW
ZCELVYQU,LSOIUSXD
ZCELVYQU,UGEQLMXM
ZCELVYQU,ZXERAXWP
ZGJXVMNI,AANGBULD
ZGJXVMNI,DDEXPPXU
ZGJXVMNI,DEWLVASR
ZGJXVMNI,DNMPSKTB
ZGJXVMNI,EVBVXETX
ZGJXVMNI,FQCLOEXA
ZGJXVMNI,JSLXRQOK
ZGJXVMNI,LPHPPJUG
ZGJXVMNI,NAQIHUKZ
ZGJXVMNI,NZKBIBNU
ZGJXVMNI,RAWUKQMJ
ZGJXVMNI,RJGPVEXX
ZGJXVMNI,SAHWCZNH
ZGJXVMNI,SDWAYPIK
ZGJXVMNI,UGEQLMXM
ZGJXVMNI,VUAFAIYJ
ZGJXVMNI,WBLJNPZQ
ZGJXVMNI,WPQXWHYO
ZGJXVMNI,XUOIQPFL
ZGJXVMNI,ZKENOUDA
ZKENOUDA,AANGBULD
ZKENOUDA,APQGTRMF
ZKENOUDA,DEWLVASR
ZKENOUDA,DNMPSKTB
ZKENOUDA,ELQGMQWE
ZKENOUDA,EVBVXETX
ZKENOUDA,FITUEHWN
ZKENOUDA,FQCLOEXA
ZKENOUDA,FTSVTTSR
ZKENOUDA,GKQIJYDH
ZKENOUDA,KJNSOAHR
ZKENOUDA,RJGPVEXX
ZKENOUDA,SDWAYPIK
ZKENOUDA,UIFPPCLR
ZKENOUDA,VMAQSTJE
ZKENOUDA,VUAFAIYJ
ZKENOUDA,WPQXWHYO
ZKENOUDA,XIIEJNEE
ZKENOUDA,XUOIQPFL
ZKENOUDA,ZCELVYQU
ZKENOUDA,ZGJXVMNI
ZKENOUDA,ZXERAXWP
ZXERAXWP,BEZYMBBT
ZXERAXWP,CCLHWFWF
ZXERAXWP,DBWLZWNK
ZXERAXWP,MIRCVAMV
ZXERAXWP,UIFPPCLR
ZXERAXWP,WHPUAOID
