leading_item_id,following_item_id,count,frequency
ZXERAXWP,UIFPPCLR,22,100.0
ZXERAXWP,WHPUAOID,22,100.0
ZXERAXWP,BEZYMBBT,22,100.0
ZXERAXWP,MIRCVAMV,22,100.0
ZXERAXWP,DBWLZWNK,22,100.0
ZXERAXWP,CCLHWFWF,22,100.0
APQGTRMF,WBLJNPZQ,22,100.0
APQGTRMF,OGAFEHLU,22,100.0
APQGTRMF,DJBLNPNC,22,100.0
APQGTRMF,BSRMSVTC,22,100.0
APQGTRMF,FDXPMYGF,22,100.0
APQGTRMF,VMAQSTJE,22,100.0
APQGTRMF,BTMOEMEP,22,100.0
APQGTRMF,BEZYMBBT,22,100.0
APQGTRMF,RAWUKQMJ,22,100.0
APQGTRMF,DUCMGGNW,22,100.0
APQGTRMF,HXYSSRXE,22,100.0
APQGTRMF,OXKURKXR,22,100.0
APQGTRMF,UIFPPCLR,22,100.0
APQGTRMF,QRKRBYJL,22,100.0
APQGTRMF,QVLMOEYE,22,100.0
APQGTRMF,DNMPSKTB,22,100.0
APQGTRMF,ATLDMDBO,22,100.0
APQGTRMF,GYHKIVQT,22,100.0
APQGTRMF,WHPUAOID,22,100.0
APQGTRMF,JPBRUTWP,22,100.0
AHMDUILJ,YSYHGLQK,22,100.0
APQGTRMF,OKMBFVKS,22,100.0
APQGTRMF,RCBZUSIM,22,100.0
ZKENOUDA,UIFPPCLR,22,100.0
ZKENOUDA,ELQGMQWE,22,100.0
ZKENOUDA,GKQIJYDH,22,100.0
ZKENOUDA,WPQXWHYO,22,100.0
ZKENOUDA,FQCLOEXA,22,100.0
ZKENOUDA,SDWAYPIK,22,100.0
ZKENOUDA,APQGTRMF,22,100.0
ZKENOUDA,DNMPSKTB,22,100.0
ZKENOUDA,FITUEHWN,22,100.0
ZKENOUDA,VMAQSTJE,22,100.0
ZKENOUDA,EVBVXETX,22,100.0
ZKENOUDA,VUAFAIYJ,22,100.0
ZKENOUDA,KJNSOAHR,22,100.0
ZKENOUDA,FTSVTTSR,22,100.0
ZKENOUDA,XIIEJNEE,22,100.0
ZKENOUDA,XUOIQPFL,22,100.0
ZKENOUDA,ZGJXVMNI,22,100.0
ZKENOUDA,ZXERAXWP,22,100.0
ZKENOUDA,RJGPVEXX,22,100.0
ZGJXVMNI,NAQIHUKZ,22,100.0
ZKENOUDA,DEWLVASR,22,100.0
ZKENOUDA,AANGBULD,22,100.0
ZKENOUDA,ZCELVYQU,22,100.0
ATLDMDBO,APQGTRMF,22,100.0
ATLDMDBO,UXSPKBJR,22,100.0
ATLDMDBO,OGAFEHLU,22,100.0
ATLDMDBO,OKMBFVKS,22,100.0
ATLDMDBO,BJALXPFS,22,100.0
ATLDMDBO,OXKURKXR,22,100.0
ATLDMDBO,LRVGFDFM,22,100.0
ATLDMDBO,XUOIQPFL,22,100.0
ATLDMDBO,RCBZUSIM,22,100.0
ATLDMDBO,UGEQLMXM,22,100.0
ATLDMDBO,HXYSSRXE,22,100.0
ATLDMDBO,DBWLZWNK,22,100.0
ATLDMDBO,IGDVVKUD,22,100.0
ATLDMDBO,QVLMOEYE,22,100.0
ATLDMDBO,GYHKIVQT,22,100.0
ATLDMDBO,VBYCLTYZ,22,100.0
ATLDMDBO,BTMOEMEP,22,100.0
ATLDMDBO,AXULOHBQ,22,100.0
ATLDMDBO,SDWAYPIK,22,100.0
ATLDMDBO,RAWUKQMJ,22,100.0
ATLDMDBO,JPBRUTWP,22,100.0
APQGTRMF,ZGJXVMNI,22,100.0
ATLDMDBO,QRKRBYJL,22,100.0
ATLDMDBO,DNMPSKTB,22,100.0
AXULOHBQ,XUOIQPFL,22,100.0
AXULOHBQ,EVBVXETX,22,100.0
AXULOHBQ,WPQXWHYO,22,100.0
AXULOHBQ,BJALXPFS,22,100.0
AXULOHBQ,FQCLOEXA,22,100.0
AXULOHBQ,UXSPKBJR,22,100.0
AXULOHBQ,DNMPSKTB,22,100.0
AXULOHBQ,BSRMSVTC,22,100.0
AXULOHBQ,FDXPMYGF,22,100.0
AXULOHBQ,PYZMVUWD,22,100.0
AXULOHBQ,OGAFEHLU,22,100.0
AXULOHBQ,RJGPVEXX,22,100.0
AXULOHBQ,NZKBIBNU,22,100.0
AXULOHBQ,VMAQSTJE,22,100.0
ATLDMDBO,FDXPMYGF,22,100.0
AXULOHBQ,XIFHSOWQ,22,100.0
AXULOHBQ,LUENUFGA,22,100.0
AXULOHBQ,KEUWZRKO,22,100.0
AXULOHBQ,SAHWCZNH,22,100.0
ZGJXVMNI,DDEXPPXU,22,100.0
ZGJXVMNI,LPHPPJUG,22,100.0
ZGJXVMNI,RAWUKQMJ,22,100.0
ZGJXVMNI,SAHWCZNH,22,100.0
ZGJXVMNI,NZKBIBNU,22,100.0
ZGJXVMNI,WPQXWHYO,22,100.0
ZGJXVMNI,JSLXRQOK,22,100.0
ZGJXVMNI,WBLJNPZQ,22,100.0
ZGJXVMNI,VUAFAIYJ,22,100.0
ZGJXVMNI,AANGBULD,22,100.0
ZGJXVMNI,RJGPVEXX,22,100.0
ZGJXVMNI,DNMPSKTB,22,100.0
ZGJXVMNI,SDWAYPIK,22,100.0
ZGJXVMNI,XUOIQPFL,22,100.0
ZGJXVMNI,FQCLOEXA,22,100.0
ZGJXVMNI,UGEQLMXM,22,100.0
ZGJXVMNI,ZKENOUDA,22,100.0
ZGJXVMNI,DEWLVASR,22,100.0
ZGJXVMNI,EVBVXETX,22,100.0
BJALXPFS,QRKRBYJL,22,100.0
BJALXPFS,SDWAYPIK,22,100.0
BJALXPFS,RJGPVEXX,22,100.0
BJALXPFS,OGAFEHLU,22,100.0
BJALXPFS,VMAQSTJE,22,100.0
BJALXPFS,DNMPSKTB,22,100.0
BEZYMBBT,RJGPVEXX,22,100.0
BEZYMBBT,WBLJNPZQ,22,100.0
BEZYMBBT,HXYSSRXE,22,100.0
BEZYMBBT,ELQGMQWE,22,100.0
BEZYMBBT,GYHKIVQT,22,100.0
BEZYMBBT,DBWLZWNK,22,100.0
BEZYMBBT,RAWUKQMJ,22,100.0
BEZYMBBT,OKMBFVKS,22,100.0
ZCELVYQU,ZXERAXWP,22,100.0
ZCELVYQU,ELQGMQWE,22,100.0
ZCELVYQU,UGEQLMXM,22,100.0
ZCELVYQU,LSOIUSXD,22,100.0
YSYHGLQK,LPHPPJUG,22,100.0
ZCELVYQU,BLANHGYY,22,100.0
ZCELVYQU,FWUCPMMW,22,100.0
XUOIQPFL,BEZYMBBT,22,100.0
XUOIQPFL,LPHPPJUG,22,100.0
YSYHGLQK,HCDTGMST,22,100.0
XUOIQPFL,VWMBASNE,22,100.0
XUOIQPFL,UXSPKBJR,22,100.0
XUOIQPFL,BTMOEMEP,22,100.0
XUOIQPFL,UIFPPCLR,22,100.0
XUOIQPFL,ZGJXVMNI,22,100.0
BLANHGYY,WQMVCOEM,22,100.0
BLANHGYY,LPHPPJUG,22,100.0
BLANHGYY,PYZMVUWD,22,100.0
BLANHGYY,JBVHSUWY,22,100.0
BLANHGYY,BJALXPFS,22,100.0
BLANHGYY,TGOELCAG,22,100.0
BLANHGYY,EVBVXETX,22,100.0
BLANHGYY,KEUWZRKO,22,100.0
BLANHGYY,HCDTGMST,22,100.0
BLANHGYY,SAHWCZNH,22,100.0
BLANHGYY,AXULOHBQ,22,100.0
BLANHGYY,WPQXWHYO,22,100.0
BLANHGYY,WBLJNPZQ,22,100.0
BLANHGYY,HXYSSRXE,22,100.0
BLANHGYY,BSRMSVTC,22,100.0
BLANHGYY,FDXPMYGF,22,100.0
BLANHGYY,OGAFEHLU,22,100.0
BLANHGYY,VMAQSTJE,22,100.0
BLANHGYY,SUOYXCHP,22,100.0
BJALXPFS,UGEQLMXM,22,100.0
BJALXPFS,KEUWZRKO,22,100.0
BJALXPFS,SNHYOVBM,22,100.0
BJALXPFS,QVLMOEYE,22,100.0
BSRMSVTC,LSOIUSXD,22,100.0
BSRMSVTC,PYZMVUWD,22,100.0
BSRMSVTC,JBVHSUWY,22,100.0
BSRMSVTC,EVBVXETX,22,100.0
BSRMSVTC,RJGPVEXX,22,100.0
BSRMSVTC,ROACSLMG,22,100.0
BSRMSVTC,LUENUFGA,22,100.0
BSRMSVTC,WPQXWHYO,22,100.0
BSRMSVTC,HCDTGMST,22,100.0
BSRMSVTC,TGOELCAG,22,100.0
BSRMSVTC,XUOIQPFL,22,100.0
BSRMSVTC,JPBRUTWP,22,100.0
BSRMSVTC,VMAQSTJE,22,100.0
BSRMSVTC,OGAFEHLU,22,100.0
BSRMSVTC,XIFHSOWQ,22,100.0
BSRMSVTC,KEUWZRKO,22,100.0
BSRMSVTC,FITUEHWN,22,100.0
BLANHGYY,FQCLOEXA,22,100.0
BLANHGYY,XUOIQPFL,22,100.0
BLANHGYY,DNMPSKTB,22,100.0
BLANHGYY,LRVGFDFM,22,100.0
BLANHGYY,FITUEHWN,22,100.0
XUOIQPFL,GYHKIVQT,22,100.0
XUOIQPFL,RAWUKQMJ,22,100.0
XUOIQPFL,APQGTRMF,22,100.0
XUOIQPFL,XIIEJNEE,22,100.0
XUOIQPFL,OKMBFVKS,22,100.0
XUOIQPFL,IGDVVKUD,22,100.0
XUOIQPFL,DJBLNPNC,22,100.0
XUOIQPFL,LRVGFDFM,22,100.0
XUOIQPFL,QRKRBYJL,22,100.0
XUOIQPFL,ATLDMDBO,22,100.0
XUOIQPFL,VBYCLTYZ,22,100.0
XUOIQPFL,OXKURKXR,22,100.0
XUOIQPFL,DBWLZWNK,22,100.0
XUOIQPFL,JPBRUTWP,22,100.0
XUOIQPFL,QVLMOEYE,22,100.0
XUOIQPFL,SDWAYPIK,22,100.0
XUOIQPFL,OGAFEHLU,22,100.0
XUOIQPFL,UGEQLMXM,22,100.0
XUOIQPFL,DNMPSKTB,22,100.0
XIPPENFQ,FCYBOAXC,22,100.0
XMKRPGLB,SNHYOVBM,22,100.0
XMKRPGLB,BSRMSVTC,22,100.0
BTMOEMEP,OKMBFVKS,22,100.0
BTMOEMEP,LRVGFDFM,22,100.0
BTMOEMEP,BSRMSVTC,22,100.0
BTMOEMEP,JBVHSUWY,22,100.0
BTMOEMEP,WBLJNPZQ,22,100.0
BTMOEMEP,FRHNWLNI,22,100.0
BTMOEMEP,BLANHGYY,22,100.0
BTMOEMEP,OGAFEHLU,22,100.0
BTMOEMEP,AXULOHBQ,22,100.0
BTMOEMEP,GYHKIVQT,22,100.0
BTMOEMEP,IGDVVKUD,22,100.0
BTMOEMEP,JPBRUTWP,22,100.0
BTMOEMEP,WQMVCOEM,22,100.0
BTMOEMEP,UXSPKBJR,22,100.0
BTMOEMEP,DBWLZWNK,22,100.0
BTMOEMEP,SDWAYPIK,22,100.0
BTMOEMEP,RCBZUSIM,22,100.0
BTMOEMEP,UGEQLMXM,22,100.0
BTMOEMEP,XUOIQPFL,22,100.0
BTMOEMEP,XIIEJNEE,22,100.0
BTMOEMEP,VBYCLTYZ,22,100.0
BTMOEMEP,RAWUKQMJ,22,100.0
BTMOEMEP,DNMPSKTB,22,100.0
BTMOEMEP,ATLDMDBO,22,100.0
BTMOEMEP,QRKRBYJL,22,100.0
BTMOEMEP,QVLMOEYE,22,100.0
BTMOEMEP,HXYSSRXE,22,100.0
CCLHWFWF,VUAFAIYJ,22,100.0
CCLHWFWF,LSOIUSXD,22,100.0
CCLHWFWF,VWMBASNE,22,100.0
CCLHWFWF,OGAFEHLU,22,100.0
CCLHWFWF,FCYBOAXC,22,100.0
CCLHWFWF,LRVGFDFM,22,100.0
CCLHWFWF,DBWLZWNK,22,100.0
CCLHWFWF,LTOYKIML,22,100.0
BUZIIBYG,WPQXWHYO,22,100.0
BUZIIBYG,FDXPMYGF,22,100.0
BUZIIBYG,BTMOEMEP,22,100.0
BUZIIBYG,FRHNWLNI,22,100.0
BUZIIBYG,SAHWCZNH,22,100.0
BUZIIBYG,UXSPKBJR,22,100.0
BUZIIBYG,RJGPVEXX,22,100.0
BUZIIBYG,DJBLNPNC,22,100.0
BTMOEMEP,OXKURKXR,22,100.0
BTMOEMEP,APQGTRMF,22,100.0
BUZIIBYG,FWUCPMMW,22,100.0
XIIEJNEE,DUCMGGNW,22,100.0
XIPPENFQ,MIRCVAMV,22,100.0
XIPPENFQ,ZGJXVMNI,22,100.0
XIPPENFQ,DDEXPPXU,22,100.0
XIIEJNEE,OKMBFVKS,22,100.0
XIIEJNEE,DBWLZWNK,22,100.0
XIIEJNEE,SAAYMURU,22,100.0
XIIEJNEE,EVBVXETX,22,100.0
XIIEJNEE,DNMPSKTB,22,100.0
XIIEJNEE,HXYSSRXE,22,100.0
XIIEJNEE,APQGTRMF,22,100.0
XIIEJNEE,WHPUAOID,22,100.0
XIIEJNEE,BUZIIBYG,22,100.0
XIIEJNEE,ROACSLMG,22,100.0
XIIEJNEE,LRVGFDFM,22,100.0
XIIEJNEE,FRHNWLNI,22,100.0
XIIEJNEE,RCBZUSIM,22,100.0
XIIEJNEE,QVLMOEYE,22,100.0
XIIEJNEE,SNHYOVBM,22,100.0
XIIEJNEE,QRKRBYJL,22,100.0
XIIEJNEE,ATLDMDBO,22,100.0
XIIEJNEE,UXSPKBJR,22,100.0
XIIEJNEE,FWUCPMMW,22,100.0
XIIEJNEE,SDWAYPIK,22,100.0
DBWLZWNK,FWUCPMMW,22,100.0
DBWLZWNK,IGDVVKUD,22,100.0
DBWLZWNK,FRHNWLNI,22,100.0
DBWLZWNK,ATLDMDBO,22,100.0
DBWLZWNK,WHPUAOID,22,100.0
DBWLZWNK,AXULOHBQ,22,100.0
DBWLZWNK,BTMOEMEP,22,100.0
DBWLZWNK,QRKRBYJL,22,100.0
DBWLZWNK,UXSPKBJR,22,100.0
DBWLZWNK,JPBRUTWP,22,100.0
DBWLZWNK,QVLMOEYE,22,100.0
DBWLZWNK,APQGTRMF,22,100.0
DBWLZWNK,RCBZUSIM,22,100.0
CCLHWFWF,FQCLOEXA,22,100.0
CCLHWFWF,DUCMGGNW,22,100.0
CCLHWFWF,WHPUAOID,22,100.0
DEWLVASR,DNMPSKTB,22,100.0
DEWLVASR,JPBRUTWP,22,100.0
DEWLVASR,UIFPPCLR,22,100.0
DEWLVASR,RAWUKQMJ,22,100.0
DEWLVASR,APQGTRMF,22,100.0
DEWLVASR,ELQGMQWE,22,100.0
DEWLVASR,OKMBFVKS,22,100.0
DEWLVASR,WPQXWHYO,22,100.0
DEWLVASR,ZCELVYQU,22,100.0
DEWLVASR,VMAQSTJE,22,100.0
DEWLVASR,BEZYMBBT,22,100.0
DEWLVASR,ZKENOUDA,22,100.0
DEWLVASR,ZXERAXWP,22,100.0
DEWLVASR,KJNSOAHR,22,100.0
DDEXPPXU,NZKBIBNU,22,100.0
DDEXPPXU,JERHKLYW,22,100.0
XIIEJNEE,IGDVVKUD,22,100.0
XIIEJNEE,DJBLNPNC,22,100.0
XIIEJNEE,BTMOEMEP,22,100.0
XIIEJNEE,VBYCLTYZ,22,100.0
XIFHSOWQ,WPQXWHYO,22,100.0
XIFHSOWQ,EVBVXETX,22,100.0
XIFHSOWQ,SAHWCZNH,22,100.0
XIFHSOWQ,NZKBIBNU,22,100.0
XIFHSOWQ,FRHNWLNI,22,100.0
XIFHSOWQ,FCYBOAXC,22,100.0
WQMVCOEM,SUOYXCHP,22,100.0
XIFHSOWQ,XIPPENFQ,22,100.0
XIFHSOWQ,VWMBASNE,22,100.0
XIFHSOWQ,MIRCVAMV,22,100.0
XIFHSOWQ,LUENUFGA,22,100.0
WQMVCOEM,OGAFEHLU,22,100.0
WQMVCOEM,JPBRUTWP,22,100.0
WQMVCOEM,FDXPMYGF,22,100.0
WQMVCOEM,AXULOHBQ,22,100.0
WQMVCOEM,BJALXPFS,22,100.0
DJBLNPNC,ROACSLMG,22,100.0
DNMPSKTB,QVLMOEYE,22,100.0
DNMPSKTB,QRKRBYJL,22,100.0
DNMPSKTB,OGAFEHLU,22,100.0
DJBLNPNC,AXULOHBQ,22,100.0
DJBLNPNC,UXSPKBJR,22,100.0
DJBLNPNC,WBLJNPZQ,22,100.0
DJBLNPNC,WHPUAOID,22,100.0
DJBLNPNC,SUOYXCHP,22,100.0
DJBLNPNC,WQMVCOEM,22,100.0
DJBLNPNC,UQYUIVVR,22,100.0
DJBLNPNC,FDXPMYGF,22,100.0
DJBLNPNC,BSRMSVTC,22,100.0
DJBLNPNC,BLANHGYY,22,100.0
WPQXWHYO,XIPPENFQ,22,100.0
WPQXWHYO,EVBVXETX,22,100.0
WPQXWHYO,NZKBIBNU,22,100.0
WPQXWHYO,SAHWCZNH,22,100.0
WPQXWHYO,VMAQSTJE,22,100.0
WPQXWHYO,ZKENOUDA,22,100.0
WPQXWHYO,MIRCVAMV,22,100.0
WPQXWHYO,XIFHSOWQ,22,100.0
WPQXWHYO,RJGPVEXX,22,100.0
WPQXWHYO,LUENUFGA,22,100.0
WBLJNPZQ,SNHYOVBM,22,100.0
WHPUAOID,FDXPMYGF,22,100.0
WHPUAOID,LRVGFDFM,22,100.0
WHPUAOID,DUCMGGNW,22,100.0
WBLJNPZQ,BTMOEMEP,22,100.0
WBLJNPZQ,OKMBFVKS,22,100.0
WBLJNPZQ,MIRCVAMV,22,100.0
WBLJNPZQ,AANGBULD,22,100.0
WBLJNPZQ,AXULOHBQ,22,100.0
DNMPSKTB,XIFHSOWQ,22,100.0
DNMPSKTB,RJGPVEXX,22,100.0
DNMPSKTB,HXYSSRXE,22,100.0
DNMPSKTB,APQGTRMF,22,100.0
DNMPSKTB,DBWLZWNK,22,100.0
DNMPSKTB,XIIEJNEE,22,100.0
DNMPSKTB,UIFPPCLR,22,100.0
DNMPSKTB,IGDVVKUD,22,100.0
DNMPSKTB,QJQJSWFU,22,100.0
DNMPSKTB,VBYCLTYZ,22,100.0
DNMPSKTB,ZGJXVMNI,22,100.0
DNMPSKTB,AXULOHBQ,22,100.0
DNMPSKTB,RAWUKQMJ,22,100.0
DNMPSKTB,VWMBASNE,22,100.0
DNMPSKTB,EVBVXETX,22,100.0
DNMPSKTB,OXKURKXR,22,100.0
DNMPSKTB,RCBZUSIM,22,100.0
DNMPSKTB,SDWAYPIK,22,100.0
DNMPSKTB,GYHKIVQT,22,100.0
DNMPSKTB,OKMBFVKS,22,100.0
DNMPSKTB,UGEQLMXM,22,100.0
DNMPSKTB,XUOIQPFL,22,100.0
DNMPSKTB,ATLDMDBO,22,100.0
DNMPSKTB,JPBRUTWP,22,100.0
DNMPSKTB,LRVGFDFM,22,100.0
ELQGMQWE,FITUEHWN,22,100.0
ELQGMQWE,XUOIQPFL,22,100.0
ELQGMQWE,NAQIHUKZ,22,100.0
ELQGMQWE,DEWLVASR,22,100.0
ELQGMQWE,LLHREMKS,22,100.0
ELQGMQWE,XIIEJNEE,22,100.0
ELQGMQWE,KJNSOAHR,22,100.0
ELQGMQWE,FTSVTTSR,22,100.0
ELQGMQWE,UIFPPCLR,22,100.0
ELQGMQWE,WBLJNPZQ,22,100.0
ELQGMQWE,JSLXRQOK,22,100.0
ELQGMQWE,HXYSSRXE,22,100.0
ELQGMQWE,AANGBULD,22,100.0
ELQGMQWE,OKMBFVKS,22,100.0
ELQGMQWE,FQCLOEXA,22,100.0
ELQGMQWE,ZKENOUDA,22,100.0
DUCMGGNW,BLANHGYY,22,100.0
DUCMGGNW,UXSPKBJR,22,100.0
WBLJNPZQ,BJALXPFS,22,100.0
WBLJNPZQ,OGAFEHLU,22,100.0
WBLJNPZQ,DEWLVASR,22,100.0
WBLJNPZQ,BSRMSVTC,22,100.0
WBLJNPZQ,LPHPPJUG,22,100.0
WBLJNPZQ,RAWUKQMJ,22,100.0
WBLJNPZQ,LRVGFDFM,22,100.0
WBLJNPZQ,VUAFAIYJ,22,100.0
WBLJNPZQ,QRKRBYJL,22,100.0
WBLJNPZQ,LSOIUSXD,22,100.0
WBLJNPZQ,UGEQLMXM,22,100.0
WBLJNPZQ,RJGPVEXX,22,100.0
WBLJNPZQ,SDWAYPIK,22,100.0
WBLJNPZQ,ZGJXVMNI,22,100.0
WBLJNPZQ,HXYSSRXE,22,100.0
WBLJNPZQ,JPBRUTWP,22,100.0
WBLJNPZQ,CCLHWFWF,22,100.0
WBLJNPZQ,ATLDMDBO,22,100.0
VWMBASNE,WBLJNPZQ,22,100.0
VWMBASNE,CCLHWFWF,22,100.0
VWMBASNE,XIPPENFQ,22,100.0
VWMBASNE,FCYBOAXC,22,100.0
FCYBOAXC,VUAFAIYJ,22,100.0
EVBVXETX,ZCELVYQU,22,100.0
EVBVXETX,XIPPENFQ,22,100.0
EVBVXETX,AXULOHBQ,22,100.0
EVBVXETX,BJALXPFS,22,100.0
EVBVXETX,RCBZUSIM,22,100.0
EVBVXETX,KEUWZRKO,22,100.0
EVBVXETX,ATLDMDBO,22,100.0
EVBVXETX,XIFHSOWQ,22,100.0
EVBVXETX,IGDVVKUD,22,100.0
EVBVXETX,NZKBIBNU,22,100.0
EVBVXETX,BLANHGYY,22,100.0
EVBVXETX,FDXPMYGF,22,100.0
EVBVXETX,WPQXWHYO,22,100.0
EVBVXETX,SAHWCZNH,22,100.0
EVBVXETX,FRHNWLNI,22,100.0
EVBVXETX,KJNSOAHR,22,100.0
EVBVXETX,LUENUFGA,22,100.0
VUAFAIYJ,XIPPENFQ,22,100.0
VWMBASNE,MIRCVAMV,22,100.0
VUAFAIYJ,APQGTRMF,22,100.0
VUAFAIYJ,VWMBASNE,22,100.0
VUAFAIYJ,FCYBOAXC,22,100.0
VUAFAIYJ,LLHREMKS,22,100.0
VUAFAIYJ,CCLHWFWF,22,100.0
VUAFAIYJ,ZCELVYQU,22,100.0
VUAFAIYJ,LSOIUSXD,22,100.0
VUAFAIYJ,WBLJNPZQ,22,100.0
VUAFAIYJ,LRVGFDFM,22,100.0
VUAFAIYJ,WHPUAOID,22,100.0
VMAQSTJE,WPQXWHYO,22,100.0
VMAQSTJE,RCBZUSIM,22,100.0
VMAQSTJE,VWMBASNE,22,100.0
FDXPMYGF,KEUWZRKO,22,100.0
FDXPMYGF,WBLJNPZQ,22,100.0
FDXPMYGF,SAHWCZNH,22,100.0
FITUEHWN,SAAYMURU,22,100.0
FDXPMYGF,HXYSSRXE,22,100.0
FDXPMYGF,VMAQSTJE,22,100.0
FDXPMYGF,WQMVCOEM,22,100.0
FDXPMYGF,FITUEHWN,22,100.0
FDXPMYGF,TGOELCAG,22,100.0
FDXPMYGF,PYZMVUWD,22,100.0
FDXPMYGF,DUCMGGNW,22,100.0
FDXPMYGF,BSRMSVTC,22,100.0
FDXPMYGF,HCDTGMST,22,100.0
FDXPMYGF,OGAFEHLU,22,100.0
FDXPMYGF,LUENUFGA,22,100.0
FDXPMYGF,SUOYXCHP,22,100.0
FDXPMYGF,XIFHSOWQ,22,100.0
FCYBOAXC,QKXNTIIB,22,100.0
FCYBOAXC,FWUCPMMW,22,100.0
FCYBOAXC,WBLJNPZQ,22,100.0
FQCLOEXA,LUENUFGA,22,100.0
FQCLOEXA,KEUWZRKO,22,100.0
FQCLOEXA,SNHYOVBM,22,100.0
FQCLOEXA,IGDVVKUD,22,100.0
FQCLOEXA,PYZMVUWD,22,100.0
FQCLOEXA,ZKENOUDA,22,100.0
FQCLOEXA,ZCELVYQU,22,100.0
FQCLOEXA,FITUEHWN,22,100.0
FQCLOEXA,WPQXWHYO,22,100.0
FQCLOEXA,BSRMSVTC,22,100.0
FQCLOEXA,AXULOHBQ,22,100.0
FQCLOEXA,DEWLVASR,22,100.0
FQCLOEXA,XIFHSOWQ,22,100.0
FQCLOEXA,NZKBIBNU,22,100.0
FITUEHWN,STZDBITS,22,100.0
FITUEHWN,KJNSOAHR,22,100.0
FITUEHWN,RCBZUSIM,22,100.0
FQCLOEXA,EVBVXETX,22,100.0
FQCLOEXA,SAHWCZNH,22,100.0
VMAQSTJE,KEUWZRKO,22,100.0
VMAQSTJE,XIFHSOWQ,22,100.0
VMAQSTJE,PYZMVUWD,22,100.0
VMAQSTJE,UIFPPCLR,22,100.0
VMAQSTJE,OGAFEHLU,22,100.0
VMAQSTJE,STZDBITS,22,100.0
VBYCLTYZ,FRHNWLNI,22,100.0
VBYCLTYZ,XUOIQPFL,22,100.0
VBYCLTYZ,UXSPKBJR,22,100.0
VBYCLTYZ,BEZYMBBT,22,100.0
VBYCLTYZ,LPHPPJUG,22,100.0
VBYCLTYZ,WQMVCOEM,22,100.0
VBYCLTYZ,UGEQLMXM,22,100.0
VBYCLTYZ,OXKURKXR,22,100.0
VBYCLTYZ,JPBRUTWP,22,100.0
VBYCLTYZ,GYHKIVQT,22,100.0
VBYCLTYZ,AXULOHBQ,22,100.0
VBYCLTYZ,DJBLNPNC,22,100.0
VBYCLTYZ,BLANHGYY,22,100.0
VBYCLTYZ,RCBZUSIM,22,100.0
VBYCLTYZ,RAWUKQMJ,22,100.0
FTSVTTSR,ZCELVYQU,22,100.0
FTSVTTSR,XIIEJNEE,22,100.0
FTSVTTSR,TGOELCAG,22,100.0
FTSVTTSR,STZDBITS,22,100.0
FTSVTTSR,SNHYOVBM,22,100.0
FTSVTTSR,LLHREMKS,22,100.0
FTSVTTSR,SAAYMURU,22,100.0
FRHNWLNI,VBYCLTYZ,22,100.0
FRHNWLNI,LUENUFGA,22,100.0
FRHNWLNI,IGDVVKUD,22,100.0
FRHNWLNI,QRKRBYJL,22,100.0
FRHNWLNI,ATLDMDBO,22,100.0
FRHNWLNI,RCBZUSIM,22,100.0
FRHNWLNI,DNMPSKTB,22,100.0
FRHNWLNI,DUCMGGNW,22,100.0
FRHNWLNI,LPHPPJUG,22,100.0
VBYCLTYZ,QRKRBYJL,22,100.0
VBYCLTYZ,DNMPSKTB,22,100.0
VBYCLTYZ,BTMOEMEP,22,100.0
VBYCLTYZ,HXYSSRXE,22,100.0
VBYCLTYZ,SDWAYPIK,22,100.0
VBYCLTYZ,APQGTRMF,22,100.0
VBYCLTYZ,FDXPMYGF,22,100.0
VBYCLTYZ,IGDVVKUD,22,100.0
VBYCLTYZ,QVLMOEYE,22,100.0
VBYCLTYZ,ATLDMDBO,22,100.0
UXSPKBJR,KEUWZRKO,22,100.0
UXSPKBJR,OJIFIHMZ,22,100.0
UXSPKBJR,FRHNWLNI,22,100.0
UXSPKBJR,LRVGFDFM,22,100.0
UXSPKBJR,JPBRUTWP,22,100.0
UXSPKBJR,VBYCLTYZ,22,100.0
UXSPKBJR,BTMOEMEP,22,100.0
UXSPKBJR,XIIEJNEE,22,100.0
GKQIJYDH,FWUCPMMW,22,100.0
GKQIJYDH,ZXERAXWP,22,100.0
GKQIJYDH,YSYHGLQK,22,100.0
FWUCPMMW,BSRMSVTC,22,100.0
FWUCPMMW,BLANHGYY,22,100.0
FWUCPMMW,AXULOHBQ,22,100.0
FWUCPMMW,LLHREMKS,22,100.0
FWUCPMMW,XIIEJNEE,22,100.0
FWUCPMMW,FDXPMYGF,22,100.0
FWUCPMMW,FTSVTTSR,22,100.0
FWUCPMMW,NAQIHUKZ,22,100.0
FWUCPMMW,JSLXRQOK,22,100.0
FWUCPMMW,WHPUAOID,22,100.0
FTSVTTSR,DEWLVASR,22,100.0
FTSVTTSR,GKQIJYDH,22,100.0
UXSPKBJR,WQMVCOEM,22,100.0
UXSPKBJR,APQGTRMF,22,100.0
UXSPKBJR,SDWAYPIK,22,100.0
UXSPKBJR,IGDVVKUD,22,100.0
UXSPKBJR,DBWLZWNK,22,100.0
UXSPKBJR,RAWUKQMJ,22,100.0
UXSPKBJR,DNMPSKTB,22,100.0
UXSPKBJR,ATLDMDBO,22,100.0
UXSPKBJR,HXYSSRXE,22,100.0
UXSPKBJR,QRKRBYJL,22,100.0
UXSPKBJR,RCBZUSIM,22,100.0
UXSPKBJR,QVLMOEYE,22,100.0
UQYUIVVR,WHPUAOID,22,100.0
UQYUIVVR,VMAQSTJE,22,100.0
UQYUIVVR,UIFPPCLR,22,100.0
UQYUIVVR,WQMVCOEM,22,100.0
UQYUIVVR,TGOELCAG,22,100.0
GYHKIVQT,NZKBIBNU,22,100.0
GYHKIVQT,UIFPPCLR,22,100.0
GYHKIVQT,ZXERAXWP,22,100.0
GYHKIVQT,BSRMSVTC,22,100.0
GYHKIVQT,DEWLVASR,22,100.0
GYHKIVQT,WPQXWHYO,22,100.0
GYHKIVQT,ELQGMQWE,22,100.0
GYHKIVQT,LPHPPJUG,22,100.0
GYHKIVQT,SAHWCZNH,22,100.0
GYHKIVQT,QVLMOEYE,22,100.0
GYHKIVQT,ATLDMDBO,22,100.0
GYHKIVQT,VWMBASNE,22,100.0
GYHKIVQT,QRKRBYJL,22,100.0
GYHKIVQT,AANGBULD,22,100.0
GYHKIVQT,FQCLOEXA,22,100.0
GYHKIVQT,OKMBFVKS,22,100.0
GYHKIVQT,XUOIQPFL,22,100.0
GYHKIVQT,RCBZUSIM,22,100.0
GYHKIVQT,APQGTRMF,22,100.0
GYHKIVQT,DNMPSKTB,22,100.0
GYHKIVQT,EVBVXETX,22,100.0
GYHKIVQT,ZGJXVMNI,22,100.0
GYHKIVQT,ZKENOUDA,22,100.0
GYHKIVQT,HXYSSRXE,22,100.0
GYHKIVQT,AXULOHBQ,22,100.0
GYHKIVQT,SDWAYPIK,22,100.0
GYHKIVQT,BEZYMBBT,22,100.0
HXYSSRXE,UGEQLMXM,22,100.0
HXYSSRXE,XIFHSOWQ,22,100.0
HXYSSRXE,BLANHGYY,22,100.0
HXYSSRXE,RJGPVEXX,22,100.0
HXYSSRXE,WPQXWHYO,22,100.0
HXYSSRXE,ZGJXVMNI,22,100.0
HXYSSRXE,BSRMSVTC,22,100.0
HXYSSRXE,KEUWZRKO,22,100.0
HXYSSRXE,AXULOHBQ,22,100.0
HXYSSRXE,FQCLOEXA,22,100.0
HXYSSRXE,OGAFEHLU,22,100.0
HXYSSRXE,GYHKIVQT,22,100.0
HXYSSRXE,PYZMVUWD,22,100.0
HXYSSRXE,EVBVXETX,22,100.0
HCDTGMST,ATLDMDBO,22,100.0
HCDTGMST,BEZYMBBT,22,100.0
HCDTGMST,RCBZUSIM,22,100.0
HXYSSRXE,DNMPSKTB,22,100.0
HCDTGMST,JERHKLYW,22,100.0
HCDTGMST,XIFHSOWQ,22,100.0
HCDTGMST,KEUWZRKO,22,100.0
HCDTGMST,LUENUFGA,22,100.0
HCDTGMST,STZDBITS,22,100.0
UIFPPCLR,QVLMOEYE,22,100.0
UIFPPCLR,WQMVCOEM,22,100.0
UIFPPCLR,VBYCLTYZ,22,100.0
UIFPPCLR,SDWAYPIK,22,100.0
UIFPPCLR,HXYSSRXE,22,100.0
UIFPPCLR,GYHKIVQT,22,100.0
UIFPPCLR,UXSPKBJR,22,100.0
UIFPPCLR,XUOIQPFL,22,100.0
UIFPPCLR,KJNSOAHR,22,100.0
UIFPPCLR,APQGTRMF,22,100.0
UIFPPCLR,ELQGMQWE,22,100.0
UIFPPCLR,QRKRBYJL,22,100.0
UGEQLMXM,DUCMGGNW,22,100.0
UGEQLMXM,ZKENOUDA,22,100.0
UGEQLMXM,LPHPPJUG,22,100.0
UGEQLMXM,UXSPKBJR,22,100.0
UGEQLMXM,OXKURKXR,22,100.0
UGEQLMXM,OKMBFVKS,22,100.0
UGEQLMXM,RCBZUSIM,22,100.0
UGEQLMXM,RAWUKQMJ,22,100.0
IGDVVKUD,ATLDMDBO,22,100.0
IGDVVKUD,UXSPKBJR,22,100.0
IGDVVKUD,DNMPSKTB,22,100.0
IGDVVKUD,ROACSLMG,22,100.0
IGDVVKUD,BSRMSVTC,22,100.0
IGDVVKUD,SDWAYPIK,22,100.0
IGDVVKUD,QRKRBYJL,22,100.0
IGDVVKUD,SUOYXCHP,22,100.0
IGDVVKUD,FDXPMYGF,22,100.0
IGDVVKUD,BTMOEMEP,22,100.0
IGDVVKUD,VBYCLTYZ,22,100.0
IGDVVKUD,BLANHGYY,22,100.0
IGDVVKUD,HXYSSRXE,22,100.0
IGDVVKUD,QVLMOEYE,22,100.0
IGDVVKUD,WQMVCOEM,22,100.0
HXYSSRXE,LPHPPJUG,22,100.0
IGDVVKUD,DJBLNPNC,22,100.0
HXYSSRXE,SDWAYPIK,22,100.0
HXYSSRXE,JPBRUTWP,22,100.0
HXYSSRXE,ZKENOUDA,22,100.0
HXYSSRXE,RAWUKQMJ,22,100.0
HXYSSRXE,ATLDMDBO,22,100.0
HXYSSRXE,SAHWCZNH,22,100.0
HXYSSRXE,FDXPMYGF,22,100.0
HXYSSRXE,SUOYXCHP,22,100.0
JERHKLYW,QKXNTIIB,22,100.0
JERHKLYW,TGOELCAG,22,100.0
JBVHSUWY,FTSVTTSR,22,100.0
JBVHSUWY,KJNSOAHR,22,100.0
JBVHSUWY,VMAQSTJE,22,100.0
JBVHSUWY,LTOYKIML,22,100.0
JBVHSUWY,LLHREMKS,22,100.0
JBVHSUWY,NAQIHUKZ,22,100.0
JBVHSUWY,ELQGMQWE,22,100.0
JBVHSUWY,APQGTRMF,22,100.0
JBVHSUWY,KEUWZRKO,22,100.0
IGDVVKUD,LRVGFDFM,22,100.0
IGDVVKUD,SNHYOVBM,22,100.0
IGDVVKUD,WHPUAOID,22,100.0
UGEQLMXM,AXULOHBQ,22,100.0
UGEQLMXM,WHPUAOID,22,100.0
UGEQLMXM,HXYSSRXE,22,100.0
UGEQLMXM,APQGTRMF,22,100.0
UGEQLMXM,VWMBASNE,22,100.0
UGEQLMXM,BLANHGYY,22,100.0
UGEQLMXM,ATLDMDBO,22,100.0
UGEQLMXM,DNMPSKTB,22,100.0
UGEQLMXM,OGAFEHLU,22,100.0
UGEQLMXM,LSOIUSXD,22,100.0
UGEQLMXM,JPBRUTWP,22,100.0
UGEQLMXM,GYHKIVQT,22,100.0
UGEQLMXM,DBWLZWNK,22,100.0
UGEQLMXM,QVLMOEYE,22,100.0
UGEQLMXM,SDWAYPIK,22,100.0
UGEQLMXM,VBYCLTYZ,22,100.0
UGEQLMXM,IGDVVKUD,22,100.0
UGEQLMXM,BTMOEMEP,22,100.0
UGEQLMXM,QRKRBYJL,22,100.0
UGEQLMXM,DJBLNPNC,22,100.0
TGOELCAG,LUENUFGA,22,100.0
TGOELCAG,YSYHGLQK,22,100.0
TGOELCAG,LLHREMKS,22,100.0
TGOELCAG,OJIFIHMZ,22,100.0
TGOELCAG,XIFHSOWQ,22,100.0
JPBRUTWP,JBVHSUWY,22,100.0
JPBRUTWP,BEZYMBBT,22,100.0
JPBRUTWP,VWMBASNE,22,100.0
JPBRUTWP,OXKURKXR,22,100.0
JPBRUTWP,UGEQLMXM,22,100.0
JPBRUTWP,BTMOEMEP,22,100.0
JPBRUTWP,RCBZUSIM,22,100.0
JPBRUTWP,OKMBFVKS,22,100.0
JPBRUTWP,VBYCLTYZ,22,100.0
JPBRUTWP,WBLJNPZQ,22,100.0
JPBRUTWP,DNMPSKTB,22,100.0
JPBRUTWP,HXYSSRXE,22,100.0
JPBRUTWP,AXULOHBQ,22,100.0
JPBRUTWP,XUOIQPFL,22,100.0
JPBRUTWP,ATLDMDBO,22,100.0
JPBRUTWP,QVLMOEYE,22,100.0
JPBRUTWP,GYHKIVQT,22,100.0
JPBRUTWP,QRKRBYJL,22,100.0
JPBRUTWP,APQGTRMF,22,100.0
JPBRUTWP,SDWAYPIK,22,100.0
JERHKLYW,VUAFAIYJ,22,100.0
JERHKLYW,BEZYMBBT,22,100.0
JERHKLYW,DBWLZWNK,22,100.0
JSLXRQOK,SAAYMURU,22,100.0
KAGJCHMR,FWUCPMMW,22,100.0
KAGJCHMR,GKQIJYDH,22,100.0
KAGJCHMR,LTOYKIML,22,100.0
KAGJCHMR,DDEXPPXU,22,100.0
JSLXRQOK,FTSVTTSR,22,100.0
JSLXRQOK,NAQIHUKZ,22,100.0
JSLXRQOK,LLHREMKS,22,100.0
JSLXRQOK,XIIEJNEE,22,100.0
JSLXRQOK,DJBLNPNC,22,100.0
JSLXRQOK,TGOELCAG,22,100.0
JSLXRQOK,KJNSOAHR,22,100.0
JPBRUTWP,BSRMSVTC,22,100.0
JPBRUTWP,FQCLOEXA,22,100.0
JPBRUTWP,ELQGMQWE,22,100.0
SUOYXCHP,WPQXWHYO,22,100.0
SUOYXCHP,RJGPVEXX,22,100.0
TGOELCAG,KEUWZRKO,22,100.0
SUOYXCHP,FITUEHWN,22,100.0
SUOYXCHP,HCDTGMST,22,100.0
SUOYXCHP,STZDBITS,22,100.0
SUOYXCHP,KEUWZRKO,22,100.0
STZDBITS,XIIEJNEE,22,100.0
STZDBITS,YSYHGLQK,22,100.0
STZDBITS,FWUCPMMW,22,100.0
SNHYOVBM,BLANHGYY,22,100.0
SNHYOVBM,HCDTGMST,22,100.0
SNHYOVBM,DBWLZWNK,22,100.0
SNHYOVBM,DUCMGGNW,22,100.0
SNHYOVBM,AHMDUILJ,22,100.0
KJNSOAHR,EVBVXETX,22,100.0
KJNSOAHR,ZCELVYQU,22,100.0
KEUWZRKO,XIPPENFQ,22,100.0
KEUWZRKO,VWMBASNE,22,100.0
KEUWZRKO,RJGPVEXX,22,100.0
KEUWZRKO,UIFPPCLR,22,100.0
KEUWZRKO,EVBVXETX,22,100.0
KAGJCHMR,RJGPVEXX,22,100.0
KAGJCHMR,NZKBIBNU,22,100.0
KEUWZRKO,XIFHSOWQ,22,100.0
KEUWZRKO,SAHWCZNH,22,100.0
KEUWZRKO,LUENUFGA,22,100.0
KEUWZRKO,WPQXWHYO,22,100.0
KEUWZRKO,NZKBIBNU,22,100.0
KAGJCHMR,AANGBULD,22,100.0
KAGJCHMR,JSLXRQOK,22,100.0
KAGJCHMR,FQCLOEXA,22,100.0
KAGJCHMR,ZKENOUDA,22,100.0
KAGJCHMR,JERHKLYW,22,100.0
SNHYOVBM,DJBLNPNC,22,100.0
SDWAYPIK,QJQJSWFU,22,100.0
SDWAYPIK,WQMVCOEM,22,100.0
SDWAYPIK,UXSPKBJR,22,100.0
SDWAYPIK,LSOIUSXD,22,100.0
SDWAYPIK,WBLJNPZQ,22,100.0
SDWAYPIK,AANGBULD,22,100.0
SDWAYPIK,VWMBASNE,22,100.0
SDWAYPIK,RCBZUSIM,22,100.0
SDWAYPIK,BEZYMBBT,22,100.0
SDWAYPIK,RAWUKQMJ,22,100.0
SDWAYPIK,AXULOHBQ,22,100.0
SDWAYPIK,DUCMGGNW,22,100.0
SDWAYPIK,DBWLZWNK,22,100.0
SDWAYPIK,LRVGFDFM,22,100.0
SDWAYPIK,IGDVVKUD,22,100.0
SDWAYPIK,XUOIQPFL,22,100.0
SDWAYPIK,OGAFEHLU,22,100.0
SDWAYPIK,OKMBFVKS,22,100.0
SDWAYPIK,ATLDMDBO,22,100.0
SDWAYPIK,BTMOEMEP,22,100.0
SDWAYPIK,UIFPPCLR,22,100.0
SDWAYPIK,APQGTRMF,22,100.0
SDWAYPIK,HXYSSRXE,22,100.0
LLHREMKS,STZDBITS,22,100.0
LLHREMKS,AANGBULD,22,100.0
LLHREMKS,MBSBZBXA,22,100.0
LLHREMKS,VBYCLTYZ,22,100.0
LPHPPJUG,DDEXPPXU,22,100.0
LLHREMKS,ZXERAXWP,22,100.0
LLHREMKS,GKQIJYDH,22,100.0
LLHREMKS,ELQGMQWE,22,100.0
LLHREMKS,UGEQLMXM,22,100.0
LLHREMKS,LSOIUSXD,22,100.0
LLHREMKS,XIIEJNEE,22,100.0
LLHREMKS,BLANHGYY,22,100.0
LLHREMKS,KAGJCHMR,22,100.0
LLHREMKS,FWUCPMMW,22,100.0
LLHREMKS,ZCELVYQU,22,100.0
KJNSOAHR,FCYBOAXC,22,100.0
KJNSOAHR,VBYCLTYZ,22,100.0
KJNSOAHR,QRKRBYJL,22,100.0
KJNSOAHR,IGDVVKUD,22,100.0
KJNSOAHR,GKQIJYDH,22,100.0
LRVGFDFM,OGAFEHLU,22,100.0
LRVGFDFM,JPBRUTWP,22,100.0
LRVGFDFM,SDWAYPIK,22,100.0
LRVGFDFM,XIIEJNEE,22,100.0
LRVGFDFM,ATLDMDBO,22,100.0
LRVGFDFM,DBWLZWNK,22,100.0
LRVGFDFM,DJBLNPNC,22,100.0
LRVGFDFM,BTMOEMEP,22,100.0
LRVGFDFM,QVLMOEYE,22,100.0
LRVGFDFM,IGDVVKUD,22,100.0
LRVGFDFM,UGEQLMXM,22,100.0
LRVGFDFM,QRKRBYJL,22,100.0
LRVGFDFM,VBYCLTYZ,22,100.0
LPHPPJUG,EVBVXETX,22,100.0
LPHPPJUG,FQCLOEXA,22,100.0
LPHPPJUG,HXYSSRXE,22,100.0
LPHPPJUG,ZKENOUDA,22,100.0
LPHPPJUG,NZKBIBNU,22,100.0
LPHPPJUG,AXULOHBQ,22,100.0
LPHPPJUG,AHMDUILJ,22,100.0
SDWAYPIK,QVLMOEYE,22,100.0
SDWAYPIK,GYHKIVQT,22,100.0
SDWAYPIK,QRKRBYJL,22,100.0
SDWAYPIK,VBYCLTYZ,22,100.0
SDWAYPIK,JPBRUTWP,22,100.0
SDWAYPIK,UGEQLMXM,22,100.0
SDWAYPIK,OXKURKXR,22,100.0
SDWAYPIK,DNMPSKTB,22,100.0
SAHWCZNH,XIPPENFQ,22,100.0
SAHWCZNH,WQMVCOEM,22,100.0
SAHWCZNH,KEUWZRKO,22,100.0
SAHWCZNH,RJGPVEXX,22,100.0
SAHWCZNH,NZKBIBNU,22,100.0
SAHWCZNH,JSLXRQOK,22,100.0
SAHWCZNH,MIRCVAMV,22,100.0
SAHWCZNH,XIFHSOWQ,22,100.0
SAHWCZNH,LUENUFGA,22,100.0
SAHWCZNH,WPQXWHYO,22,100.0
SAHWCZNH,EVBVXETX,22,100.0
LSOIUSXD,WBLJNPZQ,22,100.0
LSOIUSXD,AXULOHBQ,22,100.0
LSOIUSXD,VWMBASNE,22,100.0
LSOIUSXD,VUAFAIYJ,22,100.0
LRVGFDFM,RCBZUSIM,22,100.0
LRVGFDFM,VWMBASNE,22,100.0
LRVGFDFM,UXSPKBJR,22,100.0
LRVGFDFM,AXULOHBQ,22,100.0
LRVGFDFM,GYHKIVQT,22,100.0
LRVGFDFM,DNMPSKTB,22,100.0
LRVGFDFM,OXKURKXR,22,100.0
LRVGFDFM,LPHPPJUG,22,100.0
SAAYMURU,MBSBZBXA,22,100.0
SAAYMURU,BJALXPFS,22,100.0
SAAYMURU,STZDBITS,22,100.0
SAAYMURU,UQYUIVVR,22,100.0
SAAYMURU,FWUCPMMW,22,100.0
SAAYMURU,XIIEJNEE,22,100.0
ROACSLMG,FDXPMYGF,22,100.0
ROACSLMG,DJBLNPNC,22,100.0
ROACSLMG,VBYCLTYZ,22,100.0
ROACSLMG,TGOELCAG,22,100.0
ROACSLMG,XUOIQPFL,22,100.0
ROACSLMG,XMKRPGLB,22,100.0
ROACSLMG,QRKRBYJL,22,100.0
ROACSLMG,APQGTRMF,22,100.0
RJGPVEXX,UIFPPCLR,22,100.0
ROACSLMG,IGDVVKUD,22,100.0
ROACSLMG,BTMOEMEP,22,100.0
ROACSLMG,ATLDMDBO,22,100.0
ROACSLMG,JPBRUTWP,22,100.0
LTOYKIML,MBSBZBXA,22,100.0
LTOYKIML,OXKURKXR,22,100.0
LTOYKIML,JPBRUTWP,22,100.0
LTOYKIML,FTSVTTSR,22,100.0
LTOYKIML,XIIEJNEE,22,100.0
LTOYKIML,JSLXRQOK,22,100.0
LTOYKIML,NAQIHUKZ,22,100.0
LTOYKIML,LLHREMKS,22,100.0
LTOYKIML,VUAFAIYJ,22,100.0
LSOIUSXD,XIPPENFQ,22,100.0
LSOIUSXD,LRVGFDFM,22,100.0
LSOIUSXD,DUCMGGNW,22,100.0
LSOIUSXD,CCLHWFWF,22,100.0
LSOIUSXD,KJNSOAHR,22,100.0
LSOIUSXD,GYHKIVQT,22,100.0
RJGPVEXX,XIFHSOWQ,22,100.0
RJGPVEXX,LUENUFGA,22,100.0
RJGPVEXX,VBYCLTYZ,22,100.0
RJGPVEXX,FITUEHWN,22,100.0
RJGPVEXX,SDWAYPIK,22,100.0
RJGPVEXX,VUAFAIYJ,22,100.0
RJGPVEXX,KJNSOAHR,22,100.0
RJGPVEXX,SAHWCZNH,22,100.0
RJGPVEXX,VWMBASNE,22,100.0
RJGPVEXX,UQYUIVVR,22,100.0
RJGPVEXX,AANGBULD,22,100.0
RJGPVEXX,KEUWZRKO,22,100.0
RJGPVEXX,GYHKIVQT,22,100.0
RJGPVEXX,ZKENOUDA,22,100.0
RCBZUSIM,DDEXPPXU,22,100.0
RCBZUSIM,QRKRBYJL,22,100.0
RCBZUSIM,YSYHGLQK,22,100.0
MIRCVAMV,CCLHWFWF,22,100.0
MIRCVAMV,VUAFAIYJ,22,100.0
MIRCVAMV,LTOYKIML,22,100.0
MIRCVAMV,KAGJCHMR,22,100.0
MIRCVAMV,ZGJXVMNI,22,100.0
MBSBZBXA,HCDTGMST,22,100.0
MBSBZBXA,QJQJSWFU,22,100.0
LUENUFGA,LPHPPJUG,22,100.0
LUENUFGA,KJNSOAHR,22,100.0
LUENUFGA,ZXERAXWP,22,100.0
LUENUFGA,RAWUKQMJ,22,100.0
LUENUFGA,XIFHSOWQ,22,100.0
LUENUFGA,XIPPENFQ,22,100.0
LUENUFGA,MIRCVAMV,22,100.0
LUENUFGA,DNMPSKTB,22,100.0
LUENUFGA,EVBVXETX,22,100.0
LUENUFGA,VWMBASNE,22,100.0
RCBZUSIM,QVLMOEYE,22,100.0
RCBZUSIM,XUOIQPFL,22,100.0
RCBZUSIM,BJALXPFS,22,100.0
RCBZUSIM,GYHKIVQT,22,100.0
RCBZUSIM,FDXPMYGF,22,100.0
RCBZUSIM,APQGTRMF,22,100.0
RCBZUSIM,ZGJXVMNI,22,100.0
RCBZUSIM,BTMOEMEP,22,100.0
RCBZUSIM,AXULOHBQ,22,100.0
RCBZUSIM,ATLDMDBO,22,100.0
RCBZUSIM,DNMPSKTB,22,100.0
RAWUKQMJ,ZGJXVMNI,22,100.0
RAWUKQMJ,UGEQLMXM,22,100.0
RAWUKQMJ,SAHWCZNH,22,100.0
RAWUKQMJ,RJGPVEXX,22,100.0
RAWUKQMJ,NZKBIBNU,22,100.0
RAWUKQMJ,EVBVXETX,22,100.0
RAWUKQMJ,FDXPMYGF,22,100.0
RAWUKQMJ,FQCLOEXA,22,100.0
NZKBIBNU,NAQIHUKZ,22,100.0
NZKBIBNU,LUENUFGA,22,100.0
NZKBIBNU,XIIEJNEE,22,100.0
NZKBIBNU,FTSVTTSR,22,100.0
NZKBIBNU,SAHWCZNH,22,100.0
NAQIHUKZ,FITUEHWN,22,100.0
NAQIHUKZ,TGOELCAG,22,100.0
NAQIHUKZ,ZCELVYQU,22,100.0
NAQIHUKZ,SAAYMURU,22,100.0
NAQIHUKZ,STZDBITS,22,100.0
NAQIHUKZ,GKQIJYDH,22,100.0
MIRCVAMV,DDEXPPXU,22,100.0
MIRCVAMV,NZKBIBNU,22,100.0
NAQIHUKZ,FTSVTTSR,22,100.0
NAQIHUKZ,LLHREMKS,22,100.0
RAWUKQMJ,AXULOHBQ,22,100.0
RAWUKQMJ,HXYSSRXE,22,100.0
RAWUKQMJ,DNMPSKTB,22,100.0
RAWUKQMJ,GYHKIVQT,22,100.0
RAWUKQMJ,VMAQSTJE,22,100.0
RAWUKQMJ,WPQXWHYO,22,100.0
QVLMOEYE,FQCLOEXA,22,100.0
QVLMOEYE,BEZYMBBT,22,100.0
QVLMOEYE,BLANHGYY,22,100.0
QVLMOEYE,BJALXPFS,22,100.0
QVLMOEYE,WQMVCOEM,22,100.0
QVLMOEYE,FRHNWLNI,22,100.0
QVLMOEYE,DJBLNPNC,22,100.0
QVLMOEYE,WBLJNPZQ,22,100.0
QVLMOEYE,BSRMSVTC,22,100.0
QVLMOEYE,RAWUKQMJ,22,100.0
QVLMOEYE,LPHPPJUG,22,100.0
QVLMOEYE,OKMBFVKS,22,100.0
QVLMOEYE,VWMBASNE,22,100.0
OGAFEHLU,UIFPPCLR,22,100.0
OGAFEHLU,XIIEJNEE,22,100.0
OGAFEHLU,ATLDMDBO,22,100.0
OGAFEHLU,JPBRUTWP,22,100.0
OGAFEHLU,SDWAYPIK,22,100.0
OGAFEHLU,DBWLZWNK,22,100.0
OGAFEHLU,IGDVVKUD,22,100.0
OGAFEHLU,OKMBFVKS,22,100.0
OGAFEHLU,QVLMOEYE,22,100.0
OGAFEHLU,VBYCLTYZ,22,100.0
OGAFEHLU,UGEQLMXM,22,100.0
OGAFEHLU,QRKRBYJL,22,100.0
OGAFEHLU,GYHKIVQT,22,100.0
OGAFEHLU,VWMBASNE,22,100.0
OGAFEHLU,DNMPSKTB,22,100.0
NZKBIBNU,KJNSOAHR,22,100.0
NZKBIBNU,OKMBFVKS,22,100.0
NZKBIBNU,ELQGMQWE,22,100.0
NZKBIBNU,KEUWZRKO,22,100.0
NZKBIBNU,WPQXWHYO,22,100.0
NZKBIBNU,EVBVXETX,22,100.0
NZKBIBNU,JSLXRQOK,22,100.0
NZKBIBNU,FWUCPMMW,22,100.0
NZKBIBNU,FRHNWLNI,22,100.0
OJIFIHMZ,FITUEHWN,22,100.0
OJIFIHMZ,AHMDUILJ,22,100.0
OJIFIHMZ,SNHYOVBM,22,100.0
OJIFIHMZ,STZDBITS,22,100.0
OJIFIHMZ,KEUWZRKO,22,100.0
OGAFEHLU,FCYBOAXC,22,100.0
OGAFEHLU,UXSPKBJR,22,100.0
OGAFEHLU,LRVGFDFM,22,100.0
OGAFEHLU,XUOIQPFL,22,100.0
OGAFEHLU,RCBZUSIM,22,100.0
OGAFEHLU,APQGTRMF,22,100.0
OGAFEHLU,BTMOEMEP,22,100.0
OGAFEHLU,OXKURKXR,22,100.0
OGAFEHLU,DJBLNPNC,22,100.0
QVLMOEYE,FDXPMYGF,22,100.0
QVLMOEYE,RCBZUSIM,22,100.0
QVLMOEYE,GYHKIVQT,22,100.0
QVLMOEYE,BTMOEMEP,22,100.0
QVLMOEYE,APQGTRMF,22,100.0
QVLMOEYE,JPBRUTWP,22,100.0
QVLMOEYE,XUOIQPFL,22,100.0
QVLMOEYE,QRKRBYJL,22,100.0
QVLMOEYE,DNMPSKTB,22,100.0
QVLMOEYE,AXULOHBQ,22,100.0
QVLMOEYE,VBYCLTYZ,22,100.0
QVLMOEYE,ATLDMDBO,22,100.0
QVLMOEYE,HXYSSRXE,22,100.0
QVLMOEYE,SDWAYPIK,22,100.0
QRKRBYJL,BEZYMBBT,22,100.0
QRKRBYJL,BJALXPFS,22,100.0
QRKRBYJL,OKMBFVKS,22,100.0
QRKRBYJL,FRHNWLNI,22,100.0
QRKRBYJL,BLANHGYY,22,100.0
QRKRBYJL,OXKURKXR,22,100.0
QRKRBYJL,RAWUKQMJ,22,100.0
QRKRBYJL,BSRMSVTC,22,100.0
QRKRBYJL,RJGPVEXX,22,100.0
OKMBFVKS,ATLDMDBO,22,100.0
OKMBFVKS,DJBLNPNC,22,100.0
OKMBFVKS,RCBZUSIM,22,100.0
OKMBFVKS,IGDVVKUD,22,100.0
OKMBFVKS,RJGPVEXX,22,100.0
OKMBFVKS,ELQGMQWE,22,100.0
OKMBFVKS,SDWAYPIK,22,100.0
OKMBFVKS,BEZYMBBT,22,100.0
OKMBFVKS,UIFPPCLR,22,100.0
OKMBFVKS,ZXERAXWP,22,100.0
OKMBFVKS,BTMOEMEP,22,100.0
OKMBFVKS,QVLMOEYE,22,100.0
OKMBFVKS,VWMBASNE,22,100.0
OKMBFVKS,GYHKIVQT,22,100.0
OKMBFVKS,ZGJXVMNI,22,100.0
OKMBFVKS,FDXPMYGF,22,100.0
OKMBFVKS,FQCLOEXA,22,100.0
OXKURKXR,TGOELCAG,22,100.0
OXKURKXR,FTSVTTSR,22,100.0
OXKURKXR,DJBLNPNC,22,100.0
OXKURKXR,GYHKIVQT,22,100.0
OXKURKXR,NAQIHUKZ,22,100.0
OXKURKXR,UGEQLMXM,22,100.0
OXKURKXR,JPBRUTWP,22,100.0
OXKURKXR,QVLMOEYE,22,100.0
OXKURKXR,BEZYMBBT,22,100.0
OXKURKXR,APQGTRMF,22,100.0
OXKURKXR,HXYSSRXE,22,100.0
OXKURKXR,SDWAYPIK,22,100.0
OXKURKXR,AXULOHBQ,22,100.0
OXKURKXR,JSLXRQOK,22,100.0
OXKURKXR,ATLDMDBO,22,100.0
QRKRBYJL,XUOIQPFL,22,100.0
QRKRBYJL,UGEQLMXM,22,100.0
QRKRBYJL,FDXPMYGF,22,100.0
QRKRBYJL,OGAFEHLU,22,100.0
QRKRBYJL,UIFPPCLR,22,100.0
QRKRBYJL,UXSPKBJR,22,100.0
QRKRBYJL,VBYCLTYZ,22,100.0
QRKRBYJL,AXULOHBQ,22,100.0
QRKRBYJL,JPBRUTWP,22,100.0
QRKRBYJL,GYHKIVQT,22,100.0
QRKRBYJL,BTMOEMEP,22,100.0
QRKRBYJL,RCBZUSIM,22,100.0
QRKRBYJL,HXYSSRXE,22,100.0
QRKRBYJL,APQGTRMF,22,100.0
QRKRBYJL,QVLMOEYE,22,100.0
QRKRBYJL,ATLDMDBO,22,100.0
QRKRBYJL,DNMPSKTB,22,100.0
QRKRBYJL,SDWAYPIK,22,100.0
QKXNTIIB,FTSVTTSR,22,100.0
QKXNTIIB,JSLXRQOK,22,100.0
QKXNTIIB,BLANHGYY,22,100.0
QKXNTIIB,SNHYOVBM,22,100.0
QJQJSWFU,OXKURKXR,22,100.0
QJQJSWFU,OKMBFVKS,22,100.0
QKXNTIIB,NAQIHUKZ,22,100.0
PYZMVUWD,AHMDUILJ,22,100.0
QJQJSWFU,SDWAYPIK,22,100.0
PYZMVUWD,LUENUFGA,22,100.0
PYZMVUWD,VUAFAIYJ,22,100.0
PYZMVUWD,ZXERAXWP,22,100.0
PYZMVUWD,LSOIUSXD,22,100.0
PYZMVUWD,UGEQLMXM,22,100.0
PYZMVUWD,XIPPENFQ,22,100.0
PYZMVUWD,XMKRPGLB,22,100.0
PYZMVUWD,XIFHSOWQ,22,100.0
PYZMVUWD,RJGPVEXX,22,100.0
PYZMVUWD,MIRCVAMV,22,100.0
PYZMVUWD,QJQJSWFU,22,100.0
AHMDUILJ,BUZIIBYG,22,100.0
AHMDUILJ,XIIEJNEE,22,100.0
AHMDUILJ,RAWUKQMJ,22,100.0
AHMDUILJ,WPQXWHYO,22,100.0
AANGBULD,APQGTRMF,22,100.0
AHMDUILJ,UXSPKBJR,22,100.0
AHMDUILJ,ATLDMDBO,22,100.0
AHMDUILJ,DUCMGGNW,22,100.0
AANGBULD,LLHREMKS,22,100.0
AANGBULD,ZCELVYQU,22,100.0
AANGBULD,ZKENOUDA,22,100.0
AANGBULD,DEWLVASR,22,100.0
AANGBULD,NAQIHUKZ,22,100.0
AANGBULD,GKQIJYDH,22,100.0
AANGBULD,FTSVTTSR,22,100.0
AANGBULD,VUAFAIYJ,22,100.0
AANGBULD,KJNSOAHR,22,100.0
AANGBULD,DDEXPPXU,21,95.5
AHMDUILJ,HXYSSRXE,21,95.5
APQGTRMF,YSYHGLQK,21,95.5
AANGBULD,LTOYKIML,21,95.5
APQGTRMF,XUOIQPFL,21,95.5
APQGTRMF,SDWAYPIK,21,95.5
ZKENOUDA,MBSBZBXA,21,95.5
JBVHSUWY,UIFPPCLR,21,95.5
JPBRUTWP,OGAFEHLU,21,95.5
JPBRUTWP,DBWLZWNK,21,95.5
LPHPPJUG,DNMPSKTB,21,95.5
LSOIUSXD,XUOIQPFL,21,95.5
UGEQLMXM,FQCLOEXA,21,95.5
JBVHSUWY,ZXERAXWP,21,95.5
HXYSSRXE,BJALXPFS,21,95.5
JBVHSUWY,SDWAYPIK,21,95.5
UGEQLMXM,KJNSOAHR,21,95.5
UIFPPCLR,DEWLVASR,21,95.5
UGEQLMXM,XUOIQPFL,21,95.5
UGEQLMXM,ROACSLMG,21,95.5
LRVGFDFM,LSOIUSXD,21,95.5
LRVGFDFM,APQGTRMF,21,95.5
XIPPENFQ,AHMDUILJ,21,95.5
DBWLZWNK,LRVGFDFM,21,95.5
DBWLZWNK,GYHKIVQT,21,95.5
CCLHWFWF,SUOYXCHP,21,95.5
OGAFEHLU,RJGPVEXX,21,95.5
BSRMSVTC,BEZYMBBT,21,95.5
BSRMSVTC,UIFPPCLR,21,95.5
XIPPENFQ,QKXNTIIB,21,95.5
BTMOEMEP,FDXPMYGF,21,95.5
DBWLZWNK,ELQGMQWE,21,95.5
OXKURKXR,ELQGMQWE,21,95.5
QRKRBYJL,LRVGFDFM,21,95.5
OKMBFVKS,AXULOHBQ,21,95.5
QKXNTIIB,AHMDUILJ,21,95.5
QKXNTIIB,UQYUIVVR,21,95.5
OXKURKXR,JBVHSUWY,21,95.5
OKMBFVKS,APQGTRMF,21,95.5
OXKURKXR,QRKRBYJL,21,95.5
OXKURKXR,FQCLOEXA,21,95.5
WQMVCOEM,HXYSSRXE,21,95.5
MIRCVAMV,OXKURKXR,21,95.5
QVLMOEYE,ZGJXVMNI,21,95.5
DDEXPPXU,DEWLVASR,21,95.5
DDEXPPXU,FTSVTTSR,21,95.5
DEWLVASR,ZGJXVMNI,21,95.5
DEWLVASR,FTSVTTSR,21,95.5
XIFHSOWQ,RJGPVEXX,21,95.5
QRKRBYJL,BUZIIBYG,21,95.5
OKMBFVKS,XUOIQPFL,21,95.5
OKMBFVKS,DEWLVASR,21,95.5
OKMBFVKS,KJNSOAHR,21,95.5
OGAFEHLU,UQYUIVVR,21,95.5
OGAFEHLU,AHMDUILJ,21,95.5
OGAFEHLU,ROACSLMG,21,95.5
OGAFEHLU,FRHNWLNI,21,95.5
QRKRBYJL,IGDVVKUD,21,95.5
GYHKIVQT,RJGPVEXX,21,95.5
LRVGFDFM,OKMBFVKS,21,95.5
LRVGFDFM,ROACSLMG,21,95.5
SAAYMURU,SUOYXCHP,21,95.5
LRVGFDFM,XUOIQPFL,21,95.5
UQYUIVVR,AHMDUILJ,21,95.5
GYHKIVQT,WBLJNPZQ,21,95.5
GYHKIVQT,VMAQSTJE,21,95.5
RCBZUSIM,STZDBITS,21,95.5
RJGPVEXX,WPQXWHYO,21,95.5
RCBZUSIM,RJGPVEXX,21,95.5
FTSVTTSR,FQCLOEXA,21,95.5
LSOIUSXD,BLANHGYY,21,95.5
RJGPVEXX,XIPPENFQ,21,95.5
RJGPVEXX,PYZMVUWD,21,95.5
RJGPVEXX,UGEQLMXM,21,95.5
EVBVXETX,DJBLNPNC,21,95.5
LUENUFGA,ATLDMDBO,21,95.5
MBSBZBXA,AHMDUILJ,21,95.5
RCBZUSIM,OXKURKXR,21,95.5
RCBZUSIM,BLANHGYY,21,95.5
WBLJNPZQ,XUOIQPFL,21,95.5
DNMPSKTB,KJNSOAHR,21,95.5
DNMPSKTB,BSRMSVTC,21,95.5
VWMBASNE,LRVGFDFM,21,95.5
VWMBASNE,ZXERAXWP,21,95.5
DNMPSKTB,FQCLOEXA,21,95.5
DNMPSKTB,BEZYMBBT,21,95.5
WBLJNPZQ,FQCLOEXA,21,95.5
ELQGMQWE,BEZYMBBT,21,95.5
ELQGMQWE,ZXERAXWP,21,95.5
DNMPSKTB,AANGBULD,21,95.5
QVLMOEYE,IGDVVKUD,21,95.5
NZKBIBNU,DEWLVASR,21,95.5
WHPUAOID,XIIEJNEE,21,95.5
GKQIJYDH,XMKRPGLB,21,95.5
FQCLOEXA,FRHNWLNI,21,95.5
VBYCLTYZ,ZXERAXWP,21,95.5
VBYCLTYZ,ZKENOUDA,21,95.5
FRHNWLNI,XIPPENFQ,21,95.5
FRHNWLNI,UXSPKBJR,21,95.5
VMAQSTJE,SDWAYPIK,21,95.5
FITUEHWN,BEZYMBBT,21,95.5
RAWUKQMJ,DEWLVASR,21,95.5
EVBVXETX,MIRCVAMV,21,95.5
AHMDUILJ,APQGTRMF,21,95.5
AANGBULD,OXKURKXR,21,95.5
ZKENOUDA,OXKURKXR,21,95.5
SDWAYPIK,RJGPVEXX,21,95.5
SDWAYPIK,KJNSOAHR,21,95.5
SDWAYPIK,ELQGMQWE,21,95.5
KJNSOAHR,QVLMOEYE,21,95.5
KJNSOAHR,ZXERAXWP,21,95.5
KEUWZRKO,FRHNWLNI,21,95.5
SDWAYPIK,FQCLOEXA,21,95.5
LLHREMKS,QKXNTIIB,21,95.5
JPBRUTWP,IGDVVKUD,21,95.5
JPBRUTWP,DEWLVASR,21,95.5
JPBRUTWP,PYZMVUWD,21,95.5
STZDBITS,OJIFIHMZ,21,95.5
SUOYXCHP,FCYBOAXC,21,95.5
BEZYMBBT,SDWAYPIK,21,95.5
BEZYMBBT,RCBZUSIM,21,95.5
BJALXPFS,BSRMSVTC,21,95.5
ZGJXVMNI,PYZMVUWD,21,95.5
BJALXPFS,RCBZUSIM,21,95.5
BJALXPFS,GYHKIVQT,21,95.5
ZCELVYQU,WBLJNPZQ,21,95.5
BEZYMBBT,UIFPPCLR,21,95.5
BEZYMBBT,KJNSOAHR,21,95.5
OXKURKXR,OJIFIHMZ,21,95.5
AXULOHBQ,ZGJXVMNI,21,95.5
AXULOHBQ,HXYSSRXE,21,95.5
AXULOHBQ,LPHPPJUG,21,95.5
ATLDMDBO,BEZYMBBT,21,95.5
QJQJSWFU,QVLMOEYE,21,95.5
APQGTRMF,ROACSLMG,20,90.9
APQGTRMF,DEWLVASR,20,90.9
AXULOHBQ,SUOYXCHP,20,90.9
WBLJNPZQ,PYZMVUWD,20,90.9
OXKURKXR,RAWUKQMJ,20,90.9
ATLDMDBO,BLANHGYY,20,90.9
ATLDMDBO,XIIEJNEE,20,90.9
SAAYMURU,FDXPMYGF,20,90.9
YSYHGLQK,OXKURKXR,20,90.9
YSYHGLQK,FRHNWLNI,20,90.9
BEZYMBBT,YSYHGLQK,20,90.9
KJNSOAHR,XIIEJNEE,20,90.9
SDWAYPIK,DJBLNPNC,20,90.9
AHMDUILJ,LRVGFDFM,20,90.9
AHMDUILJ,BSRMSVTC,20,90.9
KJNSOAHR,LRVGFDFM,20,90.9
SNHYOVBM,FRHNWLNI,20,90.9
EVBVXETX,BUZIIBYG,20,90.9
EVBVXETX,UXSPKBJR,20,90.9
UXSPKBJR,DUCMGGNW,20,90.9
FWUCPMMW,FRHNWLNI,20,90.9
UXSPKBJR,SAHWCZNH,20,90.9
WHPUAOID,WBLJNPZQ,20,90.9
DNMPSKTB,MBSBZBXA,20,90.9
DNMPSKTB,VMAQSTJE,20,90.9
DUCMGGNW,BUZIIBYG,20,90.9
FRHNWLNI,QVLMOEYE,20,90.9
FCYBOAXC,LUENUFGA,20,90.9
FRHNWLNI,UIFPPCLR,20,90.9
FRHNWLNI,ZGJXVMNI,20,90.9
FRHNWLNI,GYHKIVQT,20,90.9
UXSPKBJR,UIFPPCLR,20,90.9
FDXPMYGF,CCLHWFWF,20,90.9
VUAFAIYJ,UGEQLMXM,20,90.9
EVBVXETX,FQCLOEXA,20,90.9
BLANHGYY,UQYUIVVR,20,90.9
RCBZUSIM,JBVHSUWY,20,90.9
OXKURKXR,DNMPSKTB,20,90.9
OKMBFVKS,DBWLZWNK,20,90.9
DJBLNPNC,DNMPSKTB,20,90.9
QRKRBYJL,WQMVCOEM,20,90.9
LTOYKIML,XUOIQPFL,20,90.9
DBWLZWNK,VBYCLTYZ,20,90.9
IGDVVKUD,XUOIQPFL,20,90.9
JERHKLYW,LTOYKIML,20,90.9
LRVGFDFM,BUZIIBYG,20,90.9
LPHPPJUG,PYZMVUWD,20,90.9
HXYSSRXE,WQMVCOEM,20,90.9
UGEQLMXM,LRVGFDFM,20,90.9
UGEQLMXM,SNHYOVBM,20,90.9
GYHKIVQT,UQYUIVVR,20,90.9
OGAFEHLU,QJQJSWFU,20,90.9
LSOIUSXD,XIFHSOWQ,20,90.9
UIFPPCLR,ZXERAXWP,20,90.9
LRVGFDFM,VUAFAIYJ,20,90.9
UIFPPCLR,RJGPVEXX,20,90.9
FTSVTTSR,ZKENOUDA,20,90.9
DJBLNPNC,FRHNWLNI,20,90.9
DBWLZWNK,LPHPPJUG,20,90.9
RCBZUSIM,FRHNWLNI,20,90.9
UIFPPCLR,JBVHSUWY,19,86.4
APQGTRMF,DBWLZWNK,19,86.4
YSYHGLQK,ZXERAXWP,19,86.4
FDXPMYGF,MBSBZBXA,19,86.4
FQCLOEXA,ZXERAXWP,19,86.4
YSYHGLQK,AANGBULD,19,86.4
DNMPSKTB,PYZMVUWD,19,86.4
RCBZUSIM,HXYSSRXE,19,86.4
LLHREMKS,YSYHGLQK,19,86.4
BLANHGYY,RAWUKQMJ,19,86.4
CCLHWFWF,JPBRUTWP,19,86.4
XIPPENFQ,RAWUKQMJ,19,86.4
BTMOEMEP,KJNSOAHR,19,86.4
CCLHWFWF,FITUEHWN,19,86.4
QKXNTIIB,XIIEJNEE,19,86.4
OXKURKXR,LSOIUSXD,19,86.4
UXSPKBJR,EVBVXETX,19,86.4
MIRCVAMV,LPHPPJUG,19,86.4
DDEXPPXU,OJIFIHMZ,19,86.4
XIFHSOWQ,AHMDUILJ,19,86.4
LRVGFDFM,EVBVXETX,19,86.4
DDEXPPXU,ZKENOUDA,19,86.4
UQYUIVVR,BSRMSVTC,19,86.4
OXKURKXR,LTOYKIML,19,86.4
SUOYXCHP,LUENUFGA,19,86.4
STZDBITS,LTOYKIML,19,86.4
ZGJXVMNI,JBVHSUWY,19,86.4
AHMDUILJ,SAHWCZNH,18,81.8
AHMDUILJ,JERHKLYW,18,81.8
QJQJSWFU,GYHKIVQT,18,81.8
ATLDMDBO,UIFPPCLR,18,81.8
XUOIQPFL,RCBZUSIM,18,81.8
KJNSOAHR,UGEQLMXM,18,81.8
ZXERAXWP,YSYHGLQK,18,81.8
ZXERAXWP,FWUCPMMW,18,81.8
ZXERAXWP,XUOIQPFL,18,81.8
ZXERAXWP,LTOYKIML,18,81.8
AHMDUILJ,QRKRBYJL,18,81.8
RAWUKQMJ,LPHPPJUG,18,81.8
VWMBASNE,AHMDUILJ,18,81.8
OGAFEHLU,LSOIUSXD,18,81.8
OJIFIHMZ,JERHKLYW,18,81.8
NZKBIBNU,XIFHSOWQ,18,81.8
VMAQSTJE,ZXERAXWP,18,81.8
VMAQSTJE,LUENUFGA,18,81.8
NAQIHUKZ,KAGJCHMR,18,81.8
UXSPKBJR,NZKBIBNU,18,81.8
EVBVXETX,QRKRBYJL,18,81.8
MBSBZBXA,UQYUIVVR,18,81.8
MBSBZBXA,AANGBULD,18,81.8
LSOIUSXD,QVLMOEYE,18,81.8
LUENUFGA,SAHWCZNH,18,81.8
LSOIUSXD,UIFPPCLR,18,81.8
LSOIUSXD,FCYBOAXC,18,81.8
UIFPPCLR,OKMBFVKS,18,81.8
DJBLNPNC,MBSBZBXA,18,81.8
QRKRBYJL,QJQJSWFU,18,81.8
OKMBFVKS,FRHNWLNI,18,81.8
OGAFEHLU,XIFHSOWQ,18,81.8
QRKRBYJL,AANGBULD,18,81.8
OKMBFVKS,JPBRUTWP,18,81.8
UIFPPCLR,ZGJXVMNI,18,81.8
BSRMSVTC,STZDBITS,18,81.8
LTOYKIML,WHPUAOID,18,81.8
ROACSLMG,BEZYMBBT,18,81.8
GYHKIVQT,JBVHSUWY,18,81.8
UGEQLMXM,ZGJXVMNI,18,81.8
JBVHSUWY,JERHKLYW,18,81.8
JBVHSUWY,AANGBULD,18,81.8
JBVHSUWY,ZKENOUDA,18,81.8
AANGBULD,UQYUIVVR,18,81.8
AANGBULD,DNMPSKTB,17,77.3
OXKURKXR,DEWLVASR,17,77.3
AANGBULD,EVBVXETX,17,77.3
PYZMVUWD,VWMBASNE,17,77.3
PYZMVUWD,DDEXPPXU,17,77.3
FCYBOAXC,XUOIQPFL,17,77.3
FDXPMYGF,JERHKLYW,17,77.3
FDXPMYGF,WPQXWHYO,17,77.3
FQCLOEXA,XIPPENFQ,17,77.3
FQCLOEXA,QJQJSWFU,17,77.3
FQCLOEXA,LLHREMKS,17,77.3
VMAQSTJE,OJIFIHMZ,17,77.3
VUAFAIYJ,ZXERAXWP,17,77.3
FCYBOAXC,FRHNWLNI,17,77.3
NAQIHUKZ,FQCLOEXA,17,77.3
VUAFAIYJ,UIFPPCLR,17,77.3
VUAFAIYJ,OXKURKXR,17,77.3
BEZYMBBT,QVLMOEYE,17,77.3
ZCELVYQU,MBSBZBXA,17,77.3
ZCELVYQU,BJALXPFS,17,77.3
BEZYMBBT,APQGTRMF,17,77.3
BEZYMBBT,QRKRBYJL,17,77.3
BEZYMBBT,XMKRPGLB,17,77.3
BEZYMBBT,ATLDMDBO,17,77.3
SUOYXCHP,QJQJSWFU,17,77.3
BEZYMBBT,STZDBITS,17,77.3
SUOYXCHP,XUOIQPFL,17,77.3
JPBRUTWP,FDXPMYGF,17,77.3
SNHYOVBM,UGEQLMXM,17,77.3
DUCMGGNW,OGAFEHLU,17,77.3
MBSBZBXA,JERHKLYW,17,77.3
RCBZUSIM,WBLJNPZQ,17,77.3
NAQIHUKZ,DEWLVASR,17,77.3
WHPUAOID,XMKRPGLB,17,77.3
WHPUAOID,LLHREMKS,17,77.3
WHPUAOID,LSOIUSXD,17,77.3
ELQGMQWE,KEUWZRKO,17,77.3
WBLJNPZQ,XIFHSOWQ,17,77.3
UXSPKBJR,DJBLNPNC,17,77.3
FRHNWLNI,HXYSSRXE,17,77.3
FITUEHWN,LUENUFGA,17,77.3
FRHNWLNI,JPBRUTWP,17,77.3
FRHNWLNI,BJALXPFS,17,77.3
VBYCLTYZ,BJALXPFS,17,77.3
SAAYMURU,AXULOHBQ,17,77.3
SAHWCZNH,HXYSSRXE,17,77.3
OXKURKXR,WBLJNPZQ,17,77.3
OXKURKXR,RCBZUSIM,17,77.3
SAHWCZNH,KJNSOAHR,17,77.3
SAHWCZNH,ATLDMDBO,17,77.3
SAHWCZNH,ZGJXVMNI,17,77.3
SAAYMURU,DEWLVASR,17,77.3
SAAYMURU,BEZYMBBT,17,77.3
JERHKLYW,XIPPENFQ,17,77.3
LPHPPJUG,SAHWCZNH,17,77.3
LPHPPJUG,KEUWZRKO,17,77.3
LPHPPJUG,LUENUFGA,17,77.3
LPHPPJUG,VMAQSTJE,17,77.3
LPHPPJUG,BJALXPFS,17,77.3
SAHWCZNH,FRHNWLNI,17,77.3
BEZYMBBT,JPBRUTWP,17,77.3
XUOIQPFL,LSOIUSXD,17,77.3
NZKBIBNU,AANGBULD,17,77.3
NZKBIBNU,FITUEHWN,17,77.3
NZKBIBNU,DUCMGGNW,17,77.3
VBYCLTYZ,ZGJXVMNI,17,77.3
FTSVTTSR,MBSBZBXA,17,77.3
WQMVCOEM,DNMPSKTB,17,77.3
QVLMOEYE,UIFPPCLR,17,77.3
MIRCVAMV,FITUEHWN,17,77.3
RCBZUSIM,JPBRUTWP,17,77.3
RCBZUSIM,LPHPPJUG,17,77.3
RJGPVEXX,MIRCVAMV,17,77.3
FWUCPMMW,WBLJNPZQ,17,77.3
LSOIUSXD,MIRCVAMV,17,77.3
LSOIUSXD,ZKENOUDA,17,77.3
IGDVVKUD,UGEQLMXM,17,77.3
JERHKLYW,WBLJNPZQ,17,77.3
TGOELCAG,XMKRPGLB,17,77.3
HCDTGMST,MBSBZBXA,17,77.3
IGDVVKUD,LPHPPJUG,17,77.3
IGDVVKUD,RAWUKQMJ,17,77.3
JBVHSUWY,HCDTGMST,17,77.3
HXYSSRXE,JBVHSUWY,17,77.3
XMKRPGLB,QJQJSWFU,17,77.3
DEWLVASR,JBVHSUWY,17,77.3
CCLHWFWF,FWUCPMMW,17,77.3
XIFHSOWQ,AXULOHBQ,17,77.3
LSOIUSXD,BSRMSVTC,17,77.3
LTOYKIML,DEWLVASR,17,77.3
UQYUIVVR,HCDTGMST,17,77.3
UQYUIVVR,OGAFEHLU,17,77.3
RJGPVEXX,OKMBFVKS,17,77.3
ROACSLMG,SNHYOVBM,17,77.3
ROACSLMG,UXSPKBJR,17,77.3
CCLHWFWF,VBYCLTYZ,17,77.3
GYHKIVQT,KEUWZRKO,17,77.3
UIFPPCLR,OGAFEHLU,17,77.3
ZXERAXWP,FITUEHWN,17,77.3
QJQJSWFU,RCBZUSIM,17,77.3
QJQJSWFU,BUZIIBYG,17,77.3
QJQJSWFU,VWMBASNE,17,77.3
AXULOHBQ,HCDTGMST,17,77.3
AXULOHBQ,WBLJNPZQ,17,77.3
ZXERAXWP,AANGBULD,17,77.3
ZKENOUDA,NAQIHUKZ,17,77.3
ZKENOUDA,RAWUKQMJ,17,77.3
APQGTRMF,AXULOHBQ,17,77.3
KJNSOAHR,RCBZUSIM,17,77.3
KJNSOAHR,BEZYMBBT,17,77.3
ZGJXVMNI,OKMBFVKS,17,77.3
ZGJXVMNI,MBSBZBXA,17,77.3
KJNSOAHR,XUOIQPFL,17,77.3
LLHREMKS,KJNSOAHR,17,77.3
PYZMVUWD,KJNSOAHR,17,77.3
PYZMVUWD,UIFPPCLR,17,77.3
PYZMVUWD,JBVHSUWY,16,72.7
QRKRBYJL,LPHPPJUG,16,72.7
QRKRBYJL,ZGJXVMNI,16,72.7
QRKRBYJL,ZKENOUDA,16,72.7
QVLMOEYE,ZKENOUDA,16,72.7
SDWAYPIK,DEWLVASR,16,72.7
SDWAYPIK,LPHPPJUG,16,72.7
SDWAYPIK,ZGJXVMNI,16,72.7
SDWAYPIK,ZKENOUDA,16,72.7
OGAFEHLU,ZGJXVMNI,16,72.7
OKMBFVKS,ZKENOUDA,16,72.7
OXKURKXR,ZKENOUDA,16,72.7
QRKRBYJL,DEWLVASR,16,72.7
QRKRBYJL,EVBVXETX,16,72.7
SDWAYPIK,FRHNWLNI,16,72.7
WBLJNPZQ,ZKENOUDA,16,72.7
XUOIQPFL,DEWLVASR,16,72.7
XUOIQPFL,KJNSOAHR,16,72.7
XUOIQPFL,ZKENOUDA,16,72.7
KJNSOAHR,BUZIIBYG,16,72.7
BTMOEMEP,LPHPPJUG,16,72.7
UIFPPCLR,ZKENOUDA,16,72.7
ATLDMDBO,DEWLVASR,16,72.7
ATLDMDBO,EVBVXETX,16,72.7
AHMDUILJ,KEUWZRKO,16,72.7
AHMDUILJ,WQMVCOEM,16,72.7
ZKENOUDA,JBVHSUWY,16,72.7
ZGJXVMNI,ATLDMDBO,16,72.7
AXULOHBQ,WQMVCOEM,16,72.7
APQGTRMF,FQCLOEXA,16,72.7
ZGJXVMNI,UQYUIVVR,16,72.7
ZXERAXWP,AHMDUILJ,16,72.7
ZXERAXWP,KAGJCHMR,16,72.7
AANGBULD,OKMBFVKS,16,72.7
ELQGMQWE,GYHKIVQT,16,72.7
ELQGMQWE,SDWAYPIK,16,72.7
GYHKIVQT,KJNSOAHR,16,72.7
JPBRUTWP,EVBVXETX,16,72.7
JPBRUTWP,ZGJXVMNI,16,72.7
JPBRUTWP,ZKENOUDA,16,72.7
DEWLVASR,GYHKIVQT,16,72.7
DEWLVASR,SDWAYPIK,16,72.7
DNMPSKTB,DEWLVASR,16,72.7
DNMPSKTB,LPHPPJUG,16,72.7
DNMPSKTB,ZKENOUDA,16,72.7
PYZMVUWD,JPBRUTWP,16,72.7
BUZIIBYG,XMKRPGLB,16,72.7
XIIEJNEE,FITUEHWN,16,72.7
CCLHWFWF,NZKBIBNU,16,72.7
CCLHWFWF,HCDTGMST,16,72.7
DBWLZWNK,OKMBFVKS,16,72.7
UIFPPCLR,IGDVVKUD,16,72.7
ROACSLMG,WHPUAOID,16,72.7
RJGPVEXX,OGAFEHLU,16,72.7
ROACSLMG,HCDTGMST,16,72.7
ROACSLMG,XIIEJNEE,16,72.7
ROACSLMG,RCBZUSIM,16,72.7
HCDTGMST,JPBRUTWP,16,72.7
OGAFEHLU,VUAFAIYJ,16,72.7
OGAFEHLU,DUCMGGNW,16,72.7
OGAFEHLU,WQMVCOEM,16,72.7
QRKRBYJL,DJBLNPNC,16,72.7
DBWLZWNK,BEZYMBBT,16,72.7
DDEXPPXU,QJQJSWFU,16,72.7
WQMVCOEM,XIPPENFQ,16,72.7
BLANHGYY,FCYBOAXC,16,72.7
QKXNTIIB,SAAYMURU,16,72.7
QKXNTIIB,LTOYKIML,16,72.7
XIPPENFQ,LSOIUSXD,16,72.7
XMKRPGLB,ROACSLMG,16,72.7
HXYSSRXE,DEWLVASR,16,72.7
UIFPPCLR,BEZYMBBT,16,72.7
GYHKIVQT,FDXPMYGF,16,72.7
JBVHSUWY,AHMDUILJ,16,72.7
JBVHSUWY,OKMBFVKS,16,72.7
IGDVVKUD,FRHNWLNI,16,72.7
IGDVVKUD,OXKURKXR,16,72.7
IGDVVKUD,OKMBFVKS,16,72.7
JERHKLYW,AHMDUILJ,16,72.7
JERHKLYW,KEUWZRKO,16,72.7
TGOELCAG,PYZMVUWD,16,72.7
TGOELCAG,SAHWCZNH,16,72.7
TGOELCAG,DUCMGGNW,16,72.7
BSRMSVTC,OKMBFVKS,16,72.7
BSRMSVTC,BUZIIBYG,16,72.7
XIPPENFQ,KAGJCHMR,16,72.7
BUZIIBYG,KEUWZRKO,16,72.7
BUZIIBYG,BJALXPFS,16,72.7
DBWLZWNK,JBVHSUWY,16,72.7
LSOIUSXD,ELQGMQWE,16,72.7
LSOIUSXD,QKXNTIIB,16,72.7
LSOIUSXD,AHMDUILJ,16,72.7
FWUCPMMW,QJQJSWFU,16,72.7
FWUCPMMW,WQMVCOEM,16,72.7
RCBZUSIM,UIFPPCLR,16,72.7
MBSBZBXA,JBVHSUWY,16,72.7
UQYUIVVR,SUOYXCHP,16,72.7
UQYUIVVR,JBVHSUWY,16,72.7
UQYUIVVR,DUCMGGNW,16,72.7
DJBLNPNC,BJALXPFS,16,72.7
WQMVCOEM,BLANHGYY,16,72.7
MIRCVAMV,FCYBOAXC,16,72.7
NZKBIBNU,LTOYKIML,16,72.7
NZKBIBNU,WQMVCOEM,16,72.7
OGAFEHLU,BEZYMBBT,16,72.7
VBYCLTYZ,UIFPPCLR,16,72.7
BEZYMBBT,OXKURKXR,16,72.7
XUOIQPFL,UQYUIVVR,16,72.7
BJALXPFS,WBLJNPZQ,16,72.7
LPHPPJUG,SDWAYPIK,16,72.7
LPHPPJUG,BSRMSVTC,16,72.7
JSLXRQOK,YSYHGLQK,16,72.7
LPHPPJUG,RAWUKQMJ,16,72.7
SAHWCZNH,FITUEHWN,16,72.7
LRVGFDFM,PYZMVUWD,16,72.7
LRVGFDFM,XMKRPGLB,16,72.7
OJIFIHMZ,FTSVTTSR,16,72.7
OJIFIHMZ,NAQIHUKZ,16,72.7
OKMBFVKS,DNMPSKTB,16,72.7
OKMBFVKS,PYZMVUWD,16,72.7
VBYCLTYZ,BUZIIBYG,16,72.7
VBYCLTYZ,WHPUAOID,16,72.7
VBYCLTYZ,JERHKLYW,16,72.7
FITUEHWN,UGEQLMXM,16,72.7
UXSPKBJR,FWUCPMMW,16,72.7
FQCLOEXA,TGOELCAG,16,72.7
GKQIJYDH,LLHREMKS,16,72.7
GKQIJYDH,LPHPPJUG,16,72.7
UXSPKBJR,BUZIIBYG,16,72.7
WBLJNPZQ,JERHKLYW,16,72.7
WPQXWHYO,OKMBFVKS,16,72.7
DEWLVASR,LLHREMKS,16,72.7
DEWLVASR,DUCMGGNW,16,72.7
VWMBASNE,WHPUAOID,16,72.7
EVBVXETX,BTMOEMEP,16,72.7
EVBVXETX,XIIEJNEE,16,72.7
EVBVXETX,WQMVCOEM,16,72.7
ATLDMDBO,FQCLOEXA,16,72.7
ATLDMDBO,LPHPPJUG,16,72.7
ATLDMDBO,ZGJXVMNI,16,72.7
ATLDMDBO,ZKENOUDA,16,72.7
JPBRUTWP,LPHPPJUG,16,72.7
JPBRUTWP,KJNSOAHR,16,72.7
JPBRUTWP,ROACSLMG,16,72.7
JPBRUTWP,UIFPPCLR,16,72.7
JPBRUTWP,FCYBOAXC,16,72.7
LRVGFDFM,FRHNWLNI,16,72.7
SUOYXCHP,FQCLOEXA,16,72.7
SUOYXCHP,XIFHSOWQ,16,72.7
JPBRUTWP,VMAQSTJE,16,72.7
SNHYOVBM,OXKURKXR,16,72.7
SNHYOVBM,RAWUKQMJ,16,72.7
KAGJCHMR,OXKURKXR,16,72.7
KEUWZRKO,QJQJSWFU,16,72.7
KEUWZRKO,JBVHSUWY,16,72.7
BEZYMBBT,FITUEHWN,16,72.7
ZCELVYQU,GKQIJYDH,16,72.7
RAWUKQMJ,BJALXPFS,16,72.7
RAWUKQMJ,WBLJNPZQ,16,72.7
RAWUKQMJ,OGAFEHLU,16,72.7
VUAFAIYJ,FTSVTTSR,16,72.7
VUAFAIYJ,XMKRPGLB,16,72.7
VUAFAIYJ,KJNSOAHR,16,72.7
ELQGMQWE,CCLHWFWF,16,72.7
VMAQSTJE,SAHWCZNH,16,72.7
VMAQSTJE,LPHPPJUG,16,72.7
VMAQSTJE,XUOIQPFL,16,72.7
FCYBOAXC,UQYUIVVR,16,72.7
FCYBOAXC,BSRMSVTC,16,72.7
FQCLOEXA,YSYHGLQK,16,72.7
ZGJXVMNI,GYHKIVQT,16,72.7
ZGJXVMNI,QRKRBYJL,16,72.7
ZGJXVMNI,QVLMOEYE,16,72.7
ZKENOUDA,BEZYMBBT,16,72.7
ZKENOUDA,GYHKIVQT,16,72.7
ZKENOUDA,OKMBFVKS,16,72.7
ZKENOUDA,QVLMOEYE,16,72.7
OXKURKXR,IGDVVKUD,16,72.7
AANGBULD,NZKBIBNU,16,72.7
AANGBULD,LSOIUSXD,16,72.7
QRKRBYJL,FQCLOEXA,15,68.2
XUOIQPFL,HXYSSRXE,15,68.2
LRVGFDFM,RAWUKQMJ,15,68.2
XUOIQPFL,PYZMVUWD,15,68.2
XUOIQPFL,VUAFAIYJ,15,68.2
APQGTRMF,MBSBZBXA,15,68.2
DNMPSKTB,JBVHSUWY,15,68.2
QVLMOEYE,OXKURKXR,15,68.2
QVLMOEYE,FWUCPMMW,15,68.2
UXSPKBJR,UGEQLMXM,15,68.2
OKMBFVKS,UQYUIVVR,15,68.2
QRKRBYJL,VWMBASNE,15,68.2
DBWLZWNK,ROACSLMG,15,68.2
DBWLZWNK,NZKBIBNU,15,68.2
RCBZUSIM,LSOIUSXD,15,68.2
HXYSSRXE,TGOELCAG,15,68.2
UGEQLMXM,BEZYMBBT,15,68.2
KJNSOAHR,ROACSLMG,15,68.2
BSRMSVTC,QJQJSWFU,15,68.2
JPBRUTWP,FRHNWLNI,15,68.2
ZCELVYQU,BEZYMBBT,15,68.2
ELQGMQWE,SAHWCZNH,15,68.2
ZGJXVMNI,STZDBITS,15,68.2
ZGJXVMNI,LTOYKIML,15,68.2
OKMBFVKS,BJALXPFS,15,68.2
OKMBFVKS,QJQJSWFU,15,68.2
BTMOEMEP,RJGPVEXX,15,68.2
XIIEJNEE,GYHKIVQT,15,68.2
XIIEJNEE,RAWUKQMJ,15,68.2
LSOIUSXD,OXKURKXR,15,68.2
ZCELVYQU,HXYSSRXE,12,54.5
QKXNTIIB,LLHREMKS,12,54.5
QJQJSWFU,ATLDMDBO,12,54.5
ZGJXVMNI,FITUEHWN,12,54.5
ZGJXVMNI,FTSVTTSR,12,54.5
ZXERAXWP,GKQIJYDH,12,54.5
ZCELVYQU,CCLHWFWF,12,54.5
ZCELVYQU,DNMPSKTB,12,54.5
AXULOHBQ,VUAFAIYJ,12,54.5
ZCELVYQU,FDXPMYGF,12,54.5
BEZYMBBT,FQCLOEXA,12,54.5
BJALXPFS,FITUEHWN,12,54.5
JERHKLYW,LPHPPJUG,12,54.5
BJALXPFS,EVBVXETX,12,54.5
BLANHGYY,XIFHSOWQ,12,54.5
ZCELVYQU,ATLDMDBO,12,54.5
AANGBULD,ZXERAXWP,12,54.5
DJBLNPNC,TGOELCAG,12,54.5
DJBLNPNC,JPBRUTWP,12,54.5
BJALXPFS,AXULOHBQ,12,54.5
OKMBFVKS,BSRMSVTC,12,54.5
OJIFIHMZ,BUZIIBYG,12,54.5
OKMBFVKS,WBLJNPZQ,12,54.5
OXKURKXR,FDXPMYGF,12,54.5
OXKURKXR,ZGJXVMNI,12,54.5
WBLJNPZQ,QVLMOEYE,12,54.5
DJBLNPNC,JERHKLYW,12,54.5
UXSPKBJR,SUOYXCHP,12,54.5
UXSPKBJR,LPHPPJUG,12,54.5
UXSPKBJR,XIPPENFQ,12,54.5
UXSPKBJR,ZGJXVMNI,12,54.5
WBLJNPZQ,LTOYKIML,12,54.5
UXSPKBJR,FDXPMYGF,12,54.5
ELQGMQWE,BUZIIBYG,12,54.5
DNMPSKTB,BJALXPFS,12,54.5
LUENUFGA,BJALXPFS,12,54.5
LUENUFGA,KAGJCHMR,12,54.5
EVBVXETX,SUOYXCHP,12,54.5
VWMBASNE,VUAFAIYJ,12,54.5
VWMBASNE,OGAFEHLU,12,54.5
VWMBASNE,JPBRUTWP,12,54.5
VWMBASNE,DBWLZWNK,12,54.5
WHPUAOID,HXYSSRXE,12,54.5
DJBLNPNC,HCDTGMST,12,54.5
DJBLNPNC,OGAFEHLU,12,54.5
DJBLNPNC,FITUEHWN,12,54.5
DJBLNPNC,VMAQSTJE,12,54.5
DUCMGGNW,KEUWZRKO,12,54.5
ELQGMQWE,ZCELVYQU,12,54.5
WQMVCOEM,SAHWCZNH,12,54.5
DJBLNPNC,PYZMVUWD,12,54.5
NAQIHUKZ,XIIEJNEE,12,54.5
NAQIHUKZ,ZXERAXWP,12,54.5
NAQIHUKZ,FWUCPMMW,12,54.5
RAWUKQMJ,KEUWZRKO,12,54.5
WBLJNPZQ,VWMBASNE,12,54.5
UXSPKBJR,AXULOHBQ,12,54.5
RAWUKQMJ,JBVHSUWY,12,54.5
VBYCLTYZ,WBLJNPZQ,12,54.5
OGAFEHLU,LPHPPJUG,12,54.5
DJBLNPNC,KEUWZRKO,12,54.5
QVLMOEYE,PYZMVUWD,12,54.5
QVLMOEYE,KEUWZRKO,12,54.5
QVLMOEYE,LRVGFDFM,12,54.5
FTSVTTSR,YSYHGLQK,12,54.5
XUOIQPFL,WBLJNPZQ,12,54.5
BLANHGYY,LUENUFGA,12,54.5
SAHWCZNH,QRKRBYJL,12,54.5
SAHWCZNH,UXSPKBJR,12,54.5
JSLXRQOK,GKQIJYDH,12,54.5
KAGJCHMR,NAQIHUKZ,12,54.5
JERHKLYW,JPBRUTWP,12,54.5
LPHPPJUG,QJQJSWFU,12,54.5
ATLDMDBO,WPQXWHYO,12,54.5
ELQGMQWE,FWUCPMMW,12,54.5
ZGJXVMNI,XIIEJNEE,12,54.5
AANGBULD,XIIEJNEE,12,54.5
AHMDUILJ,KAGJCHMR,12,54.5
AXULOHBQ,ATLDMDBO,12,54.5
DEWLVASR,OGAFEHLU,12,54.5
AXULOHBQ,VWMBASNE,12,54.5
OGAFEHLU,HXYSSRXE,12,54.5
XIIEJNEE,BLANHGYY,12,54.5
OGAFEHLU,AXULOHBQ,12,54.5
OGAFEHLU,WBLJNPZQ,12,54.5
QVLMOEYE,OGAFEHLU,12,54.5
VBYCLTYZ,BSRMSVTC,12,54.5
OKMBFVKS,CCLHWFWF,12,54.5
QRKRBYJL,VMAQSTJE,12,54.5
FTSVTTSR,FWUCPMMW,12,54.5
FTSVTTSR,ZXERAXWP,12,54.5
FRHNWLNI,AXULOHBQ,12,54.5
FTSVTTSR,ELQGMQWE,12,54.5
NZKBIBNU,ZGJXVMNI,12,54.5
QVLMOEYE,SAHWCZNH,12,54.5
FRHNWLNI,UGEQLMXM,12,54.5
FRHNWLNI,BLANHGYY,12,54.5
FWUCPMMW,VMAQSTJE,12,54.5
FTSVTTSR,AANGBULD,12,54.5
FTSVTTSR,LSOIUSXD,12,54.5
MIRCVAMV,JSLXRQOK,12,54.5
MIRCVAMV,NAQIHUKZ,12,54.5
XIPPENFQ,RJGPVEXX,12,54.5
BTMOEMEP,DJBLNPNC,12,54.5
OKMBFVKS,QRKRBYJL,12,54.5
RJGPVEXX,DEWLVASR,12,54.5
WQMVCOEM,VMAQSTJE,12,54.5
XIFHSOWQ,ZGJXVMNI,12,54.5
XIIEJNEE,FDXPMYGF,12,54.5
FTSVTTSR,VBYCLTYZ,12,54.5
OKMBFVKS,HXYSSRXE,12,54.5
DEWLVASR,IGDVVKUD,12,54.5
DDEXPPXU,GKQIJYDH,12,54.5
DBWLZWNK,CCLHWFWF,12,54.5
DBWLZWNK,HXYSSRXE,12,54.5
XIIEJNEE,WQMVCOEM,12,54.5
XIIEJNEE,AXULOHBQ,12,54.5
LRVGFDFM,HXYSSRXE,12,54.5
LRVGFDFM,WBLJNPZQ,12,54.5
XIIEJNEE,WBLJNPZQ,12,54.5
ROACSLMG,BSRMSVTC,12,54.5
LRVGFDFM,FCYBOAXC,12,54.5
HXYSSRXE,VMAQSTJE,12,54.5
OGAFEHLU,RAWUKQMJ,12,54.5
CCLHWFWF,ZXERAXWP,12,54.5
HCDTGMST,ZGJXVMNI,12,54.5
HXYSSRXE,VWMBASNE,12,54.5
LRVGFDFM,SUOYXCHP,12,54.5
LRVGFDFM,WQMVCOEM,12,54.5
ROACSLMG,HXYSSRXE,12,54.5
LTOYKIML,CCLHWFWF,12,54.5
BSRMSVTC,VWMBASNE,12,54.5
BSRMSVTC,XIPPENFQ,12,54.5
QKXNTIIB,ATLDMDBO,12,54.5
BJALXPFS,VWMBASNE,12,54.5
QRKRBYJL,WBLJNPZQ,12,54.5
FWUCPMMW,PYZMVUWD,12,54.5
BTMOEMEP,BEZYMBBT,12,54.5
BUZIIBYG,RCBZUSIM,12,54.5
BUZIIBYG,BSRMSVTC,12,54.5
GYHKIVQT,PYZMVUWD,12,54.5
UQYUIVVR,VUAFAIYJ,12,54.5
DBWLZWNK,FDXPMYGF,12,54.5
MIRCVAMV,AANGBULD,12,54.5
DEWLVASR,AANGBULD,12,54.5
UGEQLMXM,WQMVCOEM,12,54.5
UGEQLMXM,WBLJNPZQ,12,54.5
BLANHGYY,RJGPVEXX,12,54.5
BLANHGYY,UIFPPCLR,12,54.5
XUOIQPFL,BJALXPFS,12,54.5
XUOIQPFL,AXULOHBQ,12,54.5
XMKRPGLB,LTOYKIML,12,54.5
HCDTGMST,DJBLNPNC,12,54.5
UIFPPCLR,LPHPPJUG,12,54.5
BUZIIBYG,WBLJNPZQ,12,54.5
BTMOEMEP,BJALXPFS,12,54.5
CCLHWFWF,WBLJNPZQ,12,54.5
XIPPENFQ,ZKENOUDA,12,54.5
BUZIIBYG,HXYSSRXE,12,54.5
HXYSSRXE,LUENUFGA,12,54.5
IGDVVKUD,AXULOHBQ,12,54.5
SDWAYPIK,VMAQSTJE,12,54.5
KJNSOAHR,JPBRUTWP,12,54.5
SNHYOVBM,VMAQSTJE,12,54.5
KAGJCHMR,FTSVTTSR,12,54.5
ATLDMDBO,WBLJNPZQ,12,54.5
SNHYOVBM,BSRMSVTC,12,54.5
KAGJCHMR,BUZIIBYG,12,54.5
ZGJXVMNI,KJNSOAHR,12,54.5
SUOYXCHP,PYZMVUWD,12,54.5
STZDBITS,OXKURKXR,12,54.5
SUOYXCHP,SAHWCZNH,12,54.5
JSLXRQOK,ZCELVYQU,12,54.5
KAGJCHMR,DUCMGGNW,12,54.5
UGEQLMXM,FDXPMYGF,12,54.5
IGDVVKUD,FQCLOEXA,12,54.5
IGDVVKUD,WBLJNPZQ,12,54.5
KJNSOAHR,AXULOHBQ,12,54.5
KEUWZRKO,OKMBFVKS,12,54.5
KEUWZRKO,MIRCVAMV,12,54.5
KJNSOAHR,BLANHGYY,12,54.5
RCBZUSIM,BSRMSVTC,12,54.5
SNHYOVBM,FITUEHWN,12,54.5
NZKBIBNU,LLHREMKS,12,54.5
RCBZUSIM,SAHWCZNH,12,54.5
LUENUFGA,UGEQLMXM,12,54.5
EVBVXETX,HXYSSRXE,12,54.5
EVBVXETX,UGEQLMXM,12,54.5
NAQIHUKZ,ELQGMQWE,12,54.5
NAQIHUKZ,YSYHGLQK,12,54.5
RCBZUSIM,PYZMVUWD,12,54.5
RCBZUSIM,VMAQSTJE,12,54.5
LUENUFGA,ZGJXVMNI,12,54.5
NAQIHUKZ,KJNSOAHR,12,54.5
NAQIHUKZ,AANGBULD,12,54.5
NAQIHUKZ,VBYCLTYZ,12,54.5
NAQIHUKZ,UGEQLMXM,12,54.5
FITUEHWN,WBLJNPZQ,12,54.5
FQCLOEXA,UIFPPCLR,12,54.5
FCYBOAXC,CCLHWFWF,12,54.5
FDXPMYGF,VWMBASNE,12,54.5
VUAFAIYJ,DUCMGGNW,12,54.5
VUAFAIYJ,ATLDMDBO,12,54.5
VMAQSTJE,XIPPENFQ,12,54.5
ZKENOUDA,LLHREMKS,12,54.5
ZXERAXWP,LSOIUSXD,12,54.5
FQCLOEXA,KJNSOAHR,12,54.5
FQCLOEXA,BLANHGYY,12,54.5
FQCLOEXA,FDXPMYGF,12,54.5
ZGJXVMNI,BEZYMBBT,11,50.0
LUENUFGA,AXULOHBQ,11,50.0
ZCELVYQU,VBYCLTYZ,11,50.0
JPBRUTWP,RJGPVEXX,11,50.0
JPBRUTWP,SAHWCZNH,11,50.0
APQGTRMF,KJNSOAHR,11,50.0
ATLDMDBO,DJBLNPNC,11,50.0
BEZYMBBT,ZKENOUDA,11,50.0
CCLHWFWF,STZDBITS,11,50.0
DBWLZWNK,KJNSOAHR,11,50.0
DBWLZWNK,XMKRPGLB,11,50.0
SNHYOVBM,ZCELVYQU,11,50.0
VUAFAIYJ,QKXNTIIB,11,50.0
BSRMSVTC,SAHWCZNH,11,50.0
BLANHGYY,JPBRUTWP,11,50.0
QKXNTIIB,BUZIIBYG,11,50.0
LTOYKIML,SNHYOVBM,11,50.0
RJGPVEXX,XUOIQPFL,11,50.0
LRVGFDFM,DUCMGGNW,11,50.0
FWUCPMMW,HCDTGMST,11,50.0
RCBZUSIM,FQCLOEXA,11,50.0
VBYCLTYZ,SUOYXCHP,11,50.0
DJBLNPNC,LSOIUSXD,11,50.0
DJBLNPNC,LUENUFGA,11,50.0
QVLMOEYE,RJGPVEXX,11,50.0
QVLMOEYE,VMAQSTJE,11,50.0
DNMPSKTB,DJBLNPNC,11,50.0
DNMPSKTB,WPQXWHYO,11,50.0
DNMPSKTB,WBLJNPZQ,11,50.0
DEWLVASR,FWUCPMMW,11,50.0
LRVGFDFM,BJALXPFS,11,50.0
SAHWCZNH,DNMPSKTB,11,50.0
LPHPPJUG,RJGPVEXX,11,50.0
BJALXPFS,UIFPPCLR,11,50.0
AANGBULD,UIFPPCLR,11,50.0
AANGBULD,BEZYMBBT,11,50.0
MBSBZBXA,VBYCLTYZ,11,50.0
DUCMGGNW,DJBLNPNC,11,50.0
DNMPSKTB,ELQGMQWE,11,50.0
OGAFEHLU,KJNSOAHR,11,50.0
DEWLVASR,FITUEHWN,11,50.0
ZXERAXWP,VMAQSTJE,11,50.0
