leading_item_id,following_item_id,value
AANGBULD,APQGTRMF,3295237
AANGBULD,DDEXPPXU,3409443
AANGBULD,DEWLVASR,2033523
AANGBULD,FTSVTTSR,4928923
AANGBULD,GKQIJYDH,6263105
AANGBULD,GYHKIVQT,7725851
AANGBULD,KJNSOAHR,3703345
AANGBULD,LLHREMKS,2916528
AANGBULD,LTOYKIML,3318516
AANGBULD,NAQIHUKZ,3588033
AANGBULD,OKMBFVKS,3406000
AANGBULD,OXKURKXR,2711218
AANGBULD,QVLMOEYE,3139045
AANGBULD,VUAFAIYJ,2969175
AANGBULD,XIIEJNEE,3664203
AANGBULD,ZCELVYQU,1710012
AANGBULD,ZKENOUDA,5058598
AANGBULD,ZXERAXWP,3147718
AHMDUILJ,APQGTRMF,2104699
AHMDUILJ,ATLDMDBO,27554959
AHMDUILJ,BSRMSVTC,2711218
AHMDUILJ,BUZIIBYG,4390362
AHMDUILJ,DUCMGGNW,4651589
AHMDUILJ,HXYSSRXE,2860665
AHMDUILJ,KAGJCHMR,3406000
AHMDUILJ,LRVGFDFM,3856637
AHMDUILJ,RAWUKQMJ,2990321
AHMDUILJ,SAHWCZNH,2925480
AHMDUILJ,UXSPKBJR,3912597
AHMDUILJ,WPQXWHYO,2778988
AHMDUILJ,XIIEJNEE,3993409
AHMDUILJ,YSYHGLQK,2826007
APQGTRMF,ATLDMDBO,28412444
APQGTRMF,BEZYMBBT,4172817
APQGTRMF,BSRMSVTC,2431466
APQGTRMF,BTMOEMEP,4040688
APQGTRMF,DEWLVASR,3016135
APQGTRMF,DJBLNPNC,3075946
APQGTRMF,DNMPSKTB,3549244
APQGTRMF,DUCMGGNW,2656656
APQGTRMF,FDXPMYGF,2441007
APQGTRMF,GYHKIVQT,10267063
APQGTRMF,HXYSSRXE,2147008
APQGTRMF,JPBRUTWP,3680620
APQGTRMF,OGAFEHLU,2535088
APQGTRMF,OKMBFVKS,3495348
APQGTRMF,OXKURKXR,3244587
APQGTRMF,QRKRBYJL,3696470
APQGTRMF,QVLMOEYE,4671155
APQGTRMF,RAWUKQMJ,3026294
APQGTRMF,RCBZUSIM,4059485
APQGTRMF,ROACSLMG,2962557
APQGTRMF,SDWAYPIK,2480201
APQGTRMF,UIFPPCLR,2927167
APQGTRMF,VMAQSTJE,3243886
APQGTRMF,WBLJNPZQ,2623107
APQGTRMF,WHPUAOID,3450577
APQGTRMF,XUOIQPFL,3599223
APQGTRMF,YSYHGLQK,3531906
APQGTRMF,ZGJXVMNI,3463059
ATLDMDBO,APQGTRMF,2439133
ATLDMDBO,AXULOHBQ,4313973
ATLDMDBO,BEZYMBBT,3396865
ATLDMDBO,BJALXPFS,2790426
ATLDMDBO,BLANHGYY,3333225
ATLDMDBO,BTMOEMEP,13057963
ATLDMDBO,DBWLZWNK,3384951
ATLDMDBO,DEWLVASR,3033947
ATLDMDBO,DNMPSKTB,6140681
ATLDMDBO,EVBVXETX,3558285
ATLDMDBO,FDXPMYGF,2129211
ATLDMDBO,FQCLOEXA,2660961
ATLDMDBO,GYHKIVQT,19061033
ATLDMDBO,HXYSSRXE,3445881
ATLDMDBO,IGDVVKUD,3804280
ATLDMDBO,JPBRUTWP,8252211
ATLDMDBO,LPHPPJUG,2741601
ATLDMDBO,LRVGFDFM,5426142
ATLDMDBO,OGAFEHLU,3031541
ATLDMDBO,OKMBFVKS,1511685
ATLDMDBO,OXKURKXR,5241679
ATLDMDBO,QRKRBYJL,4662763
ATLDMDBO,QVLMOEYE,5688670
ATLDMDBO,RAWUKQMJ,4214831
ATLDMDBO,RCBZUSIM,4059586
ATLDMDBO,SDWAYPIK,10543290
ATLDMDBO,UGEQLMXM,3165857
ATLDMDBO,UXSPKBJR,6257322
ATLDMDBO,VBYCLTYZ,5430867
ATLDMDBO,WBLJNPZQ,2293555
ATLDMDBO,WPQXWHYO,15055998
ATLDMDBO,XIIEJNEE,3665548
ATLDMDBO,XUOIQPFL,4744293
ATLDMDBO,ZGJXVMNI,3389832
ATLDMDBO,ZKENOUDA,2710945
AXULOHBQ,ATLDMDBO,19106156
AXULOHBQ,BJALXPFS,3724139
AXULOHBQ,BSRMSVTC,3657292
AXULOHBQ,DNMPSKTB,3152102
AXULOHBQ,EVBVXETX,3111427
AXULOHBQ,FDXPMYGF,3337590
AXULOHBQ,FQCLOEXA,4284995
AXULOHBQ,HXYSSRXE,4144084
AXULOHBQ,KEUWZRKO,1829504
AXULOHBQ,KJNSOAHR,3337359
AXULOHBQ,LPHPPJUG,2711218
AXULOHBQ,LUENUFGA,3327076
AXULOHBQ,NZKBIBNU,3168718
AXULOHBQ,OGAFEHLU,1956569
AXULOHBQ,PYZMVUWD,1744649
AXULOHBQ,RJGPVEXX,3960154
AXULOHBQ,SAHWCZNH,1809609
AXULOHBQ,SUOYXCHP,3162081
AXULOHBQ,UXSPKBJR,3585797
AXULOHBQ,VMAQSTJE,6396079
AXULOHBQ,VUAFAIYJ,3322981
AXULOHBQ,VWMBASNE,3193811
AXULOHBQ,WPQXWHYO,4486202
AXULOHBQ,XIFHSOWQ,2758724
AXULOHBQ,XUOIQPFL,3714494
AXULOHBQ,ZGJXVMNI,3794594
BEZYMBBT,DBWLZWNK,3915684
BEZYMBBT,ELQGMQWE,2272758
BEZYMBBT,FQCLOEXA,2734253
BEZYMBBT,GYHKIVQT,7176422
BEZYMBBT,HXYSSRXE,5221694
BEZYMBBT,KJNSOAHR,2972956
BEZYMBBT,OKMBFVKS,3143701
BEZYMBBT,RAWUKQMJ,3956302
BEZYMBBT,RCBZUSIM,1967912
BEZYMBBT,RJGPVEXX,3179453
BEZYMBBT,SDWAYPIK,3909432
BEZYMBBT,UIFPPCLR,3159109
BEZYMBBT,WBLJNPZQ,2661261
BEZYMBBT,YSYHGLQK,2926590
BJALXPFS,AXULOHBQ,2314647
BJALXPFS,BSRMSVTC,3186780
BJALXPFS,DNMPSKTB,3247913
BJALXPFS,EVBVXETX,3482572
BJALXPFS,FITUEHWN,4400662
BJALXPFS,GYHKIVQT,3765635
BJALXPFS,KEUWZRKO,2298434
BJALXPFS,OGAFEHLU,3405926
BJALXPFS,QRKRBYJL,4685876
BJALXPFS,QVLMOEYE,2396396
BJALXPFS,RCBZUSIM,2622597
BJALXPFS,RJGPVEXX,3123002
BJALXPFS,SDWAYPIK,3683771
BJALXPFS,SNHYOVBM,3110642
BJALXPFS,UGEQLMXM,3174229
BJALXPFS,UIFPPCLR,2388339
BJALXPFS,VMAQSTJE,2522357
BJALXPFS,VWMBASNE,2674026
BLANHGYY,AXULOHBQ,3488675
BLANHGYY,BJALXPFS,3404910
BLANHGYY,BSRMSVTC,1268672
BLANHGYY,DNMPSKTB,2629009
BLANHGYY,EVBVXETX,2648212
BLANHGYY,FDXPMYGF,1770707
BLANHGYY,FITUEHWN,2193706
BLANHGYY,FQCLOEXA,2650396
BLANHGYY,HCDTGMST,2577075
BLANHGYY,HXYSSRXE,5424550
BLANHGYY,JBVHSUWY,3388280
BLANHGYY,JPBRUTWP,3117431
BLANHGYY,KEUWZRKO,1934785
BLANHGYY,LPHPPJUG,3791573
BLANHGYY,LRVGFDFM,6115643
BLANHGYY,LUENUFGA,3395465
BLANHGYY,OGAFEHLU,2415966
BLANHGYY,PYZMVUWD,3973150
BLANHGYY,RAWUKQMJ,3280230
BLANHGYY,RJGPVEXX,2817338
BLANHGYY,SAHWCZNH,2978997
BLANHGYY,SUOYXCHP,2689950
BLANHGYY,TGOELCAG,3054020
BLANHGYY,UIFPPCLR,2922652
BLANHGYY,UQYUIVVR,3201942
BLANHGYY,VMAQSTJE,2424380
BLANHGYY,WBLJNPZQ,3348946
BLANHGYY,WPQXWHYO,4735046
BLANHGYY,WQMVCOEM,3144432
BLANHGYY,XIFHSOWQ,1861811
BLANHGYY,XUOIQPFL,2498001
BSRMSVTC,BEZYMBBT,3126042
BSRMSVTC,EVBVXETX,3845234
BSRMSVTC,FITUEHWN,3418847
BSRMSVTC,HCDTGMST,3952919
BSRMSVTC,JBVHSUWY,3020020
BSRMSVTC,JPBRUTWP,3078322
BSRMSVTC,KEUWZRKO,4246762
BSRMSVTC,LSOIUSXD,3156535
BSRMSVTC,LUENUFGA,2894504
BSRMSVTC,OGAFEHLU,6117253
BSRMSVTC,PYZMVUWD,3396794
BSRMSVTC,RJGPVEXX,2869831
BSRMSVTC,ROACSLMG,3641727
BSRMSVTC,SAHWCZNH,3365177
BSRMSVTC,TGOELCAG,3851036
BSRMSVTC,UIFPPCLR,3164436
BSRMSVTC,VMAQSTJE,2624322
BSRMSVTC,VWMBASNE,2525714
BSRMSVTC,WPQXWHYO,3886055
BSRMSVTC,XIFHSOWQ,2070472
BSRMSVTC,XIPPENFQ,2752242
BSRMSVTC,XUOIQPFL,4346759
BTMOEMEP,APQGTRMF,3613206
BTMOEMEP,ATLDMDBO,33577067
BTMOEMEP,AXULOHBQ,3345501
BTMOEMEP,BEZYMBBT,2561083
BTMOEMEP,BJALXPFS,3212557
BTMOEMEP,BLANHGYY,3072211
BTMOEMEP,BSRMSVTC,3007689
BTMOEMEP,DBWLZWNK,3736936
BTMOEMEP,DJBLNPNC,2443462
BTMOEMEP,DNMPSKTB,3801799
BTMOEMEP,FDXPMYGF,3333225
BTMOEMEP,FRHNWLNI,3343844
BTMOEMEP,GYHKIVQT,10756387
BTMOEMEP,HXYSSRXE,5518812
BTMOEMEP,IGDVVKUD,3024766
BTMOEMEP,JBVHSUWY,4210989
BTMOEMEP,JPBRUTWP,4772226
BTMOEMEP,KJNSOAHR,3286524
BTMOEMEP,LPHPPJUG,2240706
BTMOEMEP,LRVGFDFM,4993030
BTMOEMEP,OGAFEHLU,2753161
BTMOEMEP,OKMBFVKS,4993030
BTMOEMEP,OXKURKXR,2259696
BTMOEMEP,QRKRBYJL,4594702
BTMOEMEP,QVLMOEYE,8774568
BTMOEMEP,RAWUKQMJ,3655984
BTMOEMEP,RCBZUSIM,7335562
BTMOEMEP,SDWAYPIK,5304766
BTMOEMEP,UGEQLMXM,4082390
BTMOEMEP,UXSPKBJR,4491088
BTMOEMEP,VBYCLTYZ,4391180
BTMOEMEP,WBLJNPZQ,2327142
BTMOEMEP,WQMVCOEM,2793499
BTMOEMEP,XIIEJNEE,5331899
BTMOEMEP,XUOIQPFL,3741547
BUZIIBYG,BSRMSVTC,2743931
BUZIIBYG,BTMOEMEP,6370887
BUZIIBYG,DJBLNPNC,3189181
BUZIIBYG,FDXPMYGF,3458072
BUZIIBYG,FRHNWLNI,2611197
BUZIIBYG,FWUCPMMW,8028245
BUZIIBYG,HXYSSRXE,2864938
BUZIIBYG,RCBZUSIM,4434335
BUZIIBYG,RJGPVEXX,3762880
BUZIIBYG,SAHWCZNH,3862897
BUZIIBYG,UXSPKBJR,3670999
BUZIIBYG,WBLJNPZQ,2285601
BUZIIBYG,WPQXWHYO,3719770
CCLHWFWF,DBWLZWNK,4096647
CCLHWFWF,DUCMGGNW,2869122
CCLHWFWF,FCYBOAXC,67942202
CCLHWFWF,FITUEHWN,3387919
CCLHWFWF,FQCLOEXA,2327142
CCLHWFWF,JPBRUTWP,3515264
CCLHWFWF,LRVGFDFM,5053297
CCLHWFWF,LSOIUSXD,2267198
CCLHWFWF,LTOYKIML,2327142
CCLHWFWF,OGAFEHLU,4571563
CCLHWFWF,SUOYXCHP,3094483
CCLHWFWF,VUAFAIYJ,2556596
CCLHWFWF,VWMBASNE,3592317
CCLHWFWF,WBLJNPZQ,4979571
CCLHWFWF,WHPUAOID,1930360
CCLHWFWF,ZXERAXWP,2671397
DBWLZWNK,APQGTRMF,4461126
DBWLZWNK,ATLDMDBO,25515283
DBWLZWNK,AXULOHBQ,3252629
DBWLZWNK,BTMOEMEP,3113025
DBWLZWNK,CCLHWFWF,11962678
DBWLZWNK,ELQGMQWE,3039528
DBWLZWNK,FDXPMYGF,3359609
DBWLZWNK,FRHNWLNI,3571666
DBWLZWNK,FWUCPMMW,3415037
DBWLZWNK,GYHKIVQT,5244443
DBWLZWNK,HXYSSRXE,2834169
DBWLZWNK,IGDVVKUD,2661094
DBWLZWNK,JPBRUTWP,3714494
DBWLZWNK,LPHPPJUG,4046692
DBWLZWNK,LRVGFDFM,8227531
DBWLZWNK,QRKRBYJL,32897788
DBWLZWNK,QVLMOEYE,3986089
DBWLZWNK,RCBZUSIM,4246762
DBWLZWNK,UXSPKBJR,3430963
DBWLZWNK,VBYCLTYZ,3438633
DBWLZWNK,WHPUAOID,3110642
DDEXPPXU,DEWLVASR,3252478
DDEXPPXU,FTSVTTSR,2375537
DDEXPPXU,GKQIJYDH,2996686
DDEXPPXU,JERHKLYW,2987759
DDEXPPXU,NZKBIBNU,3714494
DDEXPPXU,OJIFIHMZ,3075946
DDEXPPXU,ZKENOUDA,3227778
DEWLVASR,AANGBULD,4713735
DEWLVASR,APQGTRMF,4819590
DEWLVASR,BEZYMBBT,3018090
DEWLVASR,DNMPSKTB,3833530
DEWLVASR,ELQGMQWE,2346190
DEWLVASR,FTSVTTSR,3254877
DEWLVASR,FWUCPMMW,2605579
DEWLVASR,GYHKIVQT,12711009
DEWLVASR,IGDVVKUD,2699762
DEWLVASR,JPBRUTWP,3781611
DEWLVASR,KJNSOAHR,11971188
DEWLVASR,OKMBFVKS,3889498
DEWLVASR,RAWUKQMJ,3781611
DEWLVASR,SDWAYPIK,5108949
DEWLVASR,UIFPPCLR,3781611
DEWLVASR,VMAQSTJE,2748591
DEWLVASR,WPQXWHYO,4405075
DEWLVASR,ZCELVYQU,4432766
DEWLVASR,ZGJXVMNI,3386959
DEWLVASR,ZKENOUDA,4388950
DEWLVASR,ZXERAXWP,5597570
DJBLNPNC,AXULOHBQ,3374753
DJBLNPNC,BLANHGYY,2696749
DJBLNPNC,BSRMSVTC,1685457
DJBLNPNC,DNMPSKTB,3169047
DJBLNPNC,FDXPMYGF,1501501
DJBLNPNC,FITUEHWN,1636505
DJBLNPNC,FRHNWLNI,2960903
DJBLNPNC,HCDTGMST,1636505
DJBLNPNC,JERHKLYW,3238800
DJBLNPNC,JPBRUTWP,2375668
DJBLNPNC,KEUWZRKO,2703512
DJBLNPNC,LSOIUSXD,4311958
DJBLNPNC,LUENUFGA,4399811
DJBLNPNC,OGAFEHLU,2282999
DJBLNPNC,PYZMVUWD,2291675
DJBLNPNC,ROACSLMG,2824522
DJBLNPNC,SUOYXCHP,3454783
DJBLNPNC,TGOELCAG,2708171
DJBLNPNC,UQYUIVVR,3951131
DJBLNPNC,UXSPKBJR,3088318
DJBLNPNC,VMAQSTJE,1541251
DJBLNPNC,WBLJNPZQ,2968912
DJBLNPNC,WHPUAOID,3293357
DJBLNPNC,WQMVCOEM,2450417
DNMPSKTB,AANGBULD,2586877
DNMPSKTB,APQGTRMF,3670999
DNMPSKTB,ATLDMDBO,30906091
DNMPSKTB,AXULOHBQ,4092703
DNMPSKTB,BEZYMBBT,2862748
DNMPSKTB,BJALXPFS,2104164
DNMPSKTB,BSRMSVTC,2451607
DNMPSKTB,DBWLZWNK,3556253
DNMPSKTB,DEWLVASR,2322203
DNMPSKTB,DJBLNPNC,2511953
DNMPSKTB,EVBVXETX,2799790
DNMPSKTB,FQCLOEXA,2492454
DNMPSKTB,GYHKIVQT,20019872
DNMPSKTB,HXYSSRXE,3903963
DNMPSKTB,IGDVVKUD,3143701
DNMPSKTB,JPBRUTWP,6054497
DNMPSKTB,KJNSOAHR,3404074
DNMPSKTB,LPHPPJUG,2769621
DNMPSKTB,LRVGFDFM,8731002
DNMPSKTB,MBSBZBXA,3554627
DNMPSKTB,OGAFEHLU,5089213
DNMPSKTB,OKMBFVKS,7096145
DNMPSKTB,OXKURKXR,4396195
DNMPSKTB,PYZMVUWD,3155890
DNMPSKTB,QJQJSWFU,1930360
DNMPSKTB,QRKRBYJL,7215566
DNMPSKTB,QVLMOEYE,7055643
DNMPSKTB,RAWUKQMJ,2685978
DNMPSKTB,RCBZUSIM,4396195
DNMPSKTB,RJGPVEXX,2581005
DNMPSKTB,SDWAYPIK,9487582
DNMPSKTB,UGEQLMXM,5626371
DNMPSKTB,UIFPPCLR,2066144
DNMPSKTB,VBYCLTYZ,4035141
DNMPSKTB,VMAQSTJE,2523273
DNMPSKTB,VWMBASNE,3827894
DNMPSKTB,WBLJNPZQ,2104164
DNMPSKTB,WPQXWHYO,3092136
DNMPSKTB,XIFHSOWQ,1967912
DNMPSKTB,XIIEJNEE,4648163
DNMPSKTB,XUOIQPFL,5960764
DNMPSKTB,ZGJXVMNI,3540430
DNMPSKTB,ZKENOUDA,3448021
DUCMGGNW,BLANHGYY,4956446
DUCMGGNW,BUZIIBYG,3380367
DUCMGGNW,KEUWZRKO,2864035
DUCMGGNW,UXSPKBJR,3663676
ELQGMQWE,AANGBULD,4027513
ELQGMQWE,BEZYMBBT,3295353
ELQGMQWE,BUZIIBYG,6539924
ELQGMQWE,DEWLVASR,4213976
ELQGMQWE,FITUEHWN,3512216
ELQGMQWE,FQCLOEXA,4327514
ELQGMQWE,FTSVTTSR,3647954
ELQGMQWE,GYHKIVQT,18887485
ELQGMQWE,HXYSSRXE,3781611
ELQGMQWE,JSLXRQOK,3254877
ELQGMQWE,KJNSOAHR,3569281
ELQGMQWE,LLHREMKS,2616830
ELQGMQWE,NAQIHUKZ,3077575
ELQGMQWE,OKMBFVKS,6004392
ELQGMQWE,SDWAYPIK,3833530
ELQGMQWE,UIFPPCLR,3766086
ELQGMQWE,WBLJNPZQ,3833530
ELQGMQWE,XIIEJNEE,4049029
ELQGMQWE,XUOIQPFL,3098425
ELQGMQWE,ZCELVYQU,4590266
ELQGMQWE,ZKENOUDA,3868393
ELQGMQWE,ZXERAXWP,3186780
EVBVXETX,ATLDMDBO,13612042
EVBVXETX,AXULOHBQ,2862748
EVBVXETX,BJALXPFS,1994184
EVBVXETX,BLANHGYY,2559104
EVBVXETX,BUZIIBYG,3396865
EVBVXETX,DJBLNPNC,3333225
EVBVXETX,FDXPMYGF,2266660
EVBVXETX,FQCLOEXA,8117809
EVBVXETX,FRHNWLNI,5041489
EVBVXETX,HXYSSRXE,3801799
EVBVXETX,IGDVVKUD,3648200
EVBVXETX,KEUWZRKO,3274365
EVBVXETX,KJNSOAHR,3796159
EVBVXETX,LUENUFGA,2750345
EVBVXETX,MIRCVAMV,2853952
EVBVXETX,NZKBIBNU,3895846
EVBVXETX,RCBZUSIM,3165857
EVBVXETX,SAHWCZNH,3479024
EVBVXETX,SUOYXCHP,2502221
EVBVXETX,UGEQLMXM,2570852
EVBVXETX,UXSPKBJR,2755443
EVBVXETX,WPQXWHYO,9211236
EVBVXETX,XIFHSOWQ,3274365
EVBVXETX,XIPPENFQ,2620970
EVBVXETX,ZCELVYQU,2662851
FCYBOAXC,CCLHWFWF,13826313
FCYBOAXC,FWUCPMMW,2575113
FCYBOAXC,LUENUFGA,3541337
FCYBOAXC,QKXNTIIB,2869122
FCYBOAXC,VUAFAIYJ,3317247
FCYBOAXC,WBLJNPZQ,2269218
FDXPMYGF,BSRMSVTC,1944841
FDXPMYGF,CCLHWFWF,4438656
FDXPMYGF,DUCMGGNW,3520448
FDXPMYGF,FITUEHWN,3026294
FDXPMYGF,HCDTGMST,1815194
FDXPMYGF,HXYSSRXE,4311863
FDXPMYGF,KEUWZRKO,3115559
FDXPMYGF,LUENUFGA,1846840
FDXPMYGF,MBSBZBXA,3225961
FDXPMYGF,OGAFEHLU,1870451
FDXPMYGF,PYZMVUWD,2654968
FDXPMYGF,SAHWCZNH,3092887
FDXPMYGF,SUOYXCHP,3270479
FDXPMYGF,TGOELCAG,3055160
FDXPMYGF,VMAQSTJE,2440244
FDXPMYGF,VWMBASNE,1913402
FDXPMYGF,WBLJNPZQ,3090717
FDXPMYGF,WQMVCOEM,3898167
FDXPMYGF,XIFHSOWQ,1906861
FITUEHWN,BEZYMBBT,3469235
FITUEHWN,KJNSOAHR,3385864
FITUEHWN,RCBZUSIM,3253781
FITUEHWN,SAAYMURU,3914619
FITUEHWN,STZDBITS,4675560
FITUEHWN,WBLJNPZQ,2684765
FQCLOEXA,ATLDMDBO,18638191
FQCLOEXA,AXULOHBQ,3526367
FQCLOEXA,BLANHGYY,2882080
FQCLOEXA,BSRMSVTC,3885550
FQCLOEXA,DEWLVASR,3358297
FQCLOEXA,EVBVXETX,6091339
FQCLOEXA,FDXPMYGF,3077390
FQCLOEXA,FITUEHWN,4529520
FQCLOEXA,FRHNWLNI,2878750
FQCLOEXA,IGDVVKUD,2843079
FQCLOEXA,KEUWZRKO,3120103
FQCLOEXA,KJNSOAHR,3439841
FQCLOEXA,LUENUFGA,3480088
FQCLOEXA,NZKBIBNU,3033921
FQCLOEXA,PYZMVUWD,2820386
FQCLOEXA,SAHWCZNH,3889498
FQCLOEXA,SNHYOVBM,3386959
FQCLOEXA,UIFPPCLR,3429940
FQCLOEXA,WPQXWHYO,3503639
FQCLOEXA,XIFHSOWQ,3594386
FQCLOEXA,ZCELVYQU,3951819
FQCLOEXA,ZKENOUDA,3663676
FRHNWLNI,ATLDMDBO,23631795
FRHNWLNI,AXULOHBQ,2689551
FRHNWLNI,BLANHGYY,2715287
FRHNWLNI,DNMPSKTB,3671164
FRHNWLNI,DUCMGGNW,3358297
FRHNWLNI,GYHKIVQT,5373657
FRHNWLNI,IGDVVKUD,2338438
FRHNWLNI,LPHPPJUG,2942561
FRHNWLNI,LUENUFGA,3067588
FRHNWLNI,QRKRBYJL,4123907
FRHNWLNI,QVLMOEYE,2642962
FRHNWLNI,RCBZUSIM,2852309
FRHNWLNI,UGEQLMXM,3440994
FRHNWLNI,UIFPPCLR,3075946
FRHNWLNI,UXSPKBJR,3386959
FRHNWLNI,VBYCLTYZ,2300776
FRHNWLNI,XIPPENFQ,3722011
FRHNWLNI,ZGJXVMNI,3248285
FTSVTTSR,AANGBULD,2843356
FTSVTTSR,DEWLVASR,3299981
FTSVTTSR,ELQGMQWE,3221705
FTSVTTSR,FQCLOEXA,3254877
FTSVTTSR,FWUCPMMW,3274395
FTSVTTSR,GKQIJYDH,5819443
FTSVTTSR,LLHREMKS,2223913
FTSVTTSR,LSOIUSXD,2817285
FTSVTTSR,SAAYMURU,5218676
FTSVTTSR,SNHYOVBM,3254877
FTSVTTSR,STZDBITS,7231944
FTSVTTSR,TGOELCAG,3438633
FTSVTTSR,VBYCLTYZ,3077390
FTSVTTSR,XIIEJNEE,2828154
FTSVTTSR,YSYHGLQK,12429142
FTSVTTSR,ZCELVYQU,3010442
FTSVTTSR,ZKENOUDA,3162081
FTSVTTSR,ZXERAXWP,2153131
FWUCPMMW,AXULOHBQ,3898167
FWUCPMMW,BLANHGYY,3592807
FWUCPMMW,BSRMSVTC,2084873
FWUCPMMW,FDXPMYGF,2608482
FWUCPMMW,FRHNWLNI,3090717
FWUCPMMW,FTSVTTSR,2521278
FWUCPMMW,HCDTGMST,3099928
FWUCPMMW,JSLXRQOK,3917642
FWUCPMMW,LLHREMKS,1703947
FWUCPMMW,NAQIHUKZ,3255442
FWUCPMMW,PYZMVUWD,2478994
FWUCPMMW,VMAQSTJE,4094951
FWUCPMMW,WHPUAOID,3865346
FWUCPMMW,XIIEJNEE,2384753
GKQIJYDH,FWUCPMMW,4320673
GKQIJYDH,XMKRPGLB,3265852
GKQIJYDH,YSYHGLQK,3985326
GKQIJYDH,ZXERAXWP,4422467
GYHKIVQT,AANGBULD,3588778
GYHKIVQT,APQGTRMF,4396195
GYHKIVQT,ATLDMDBO,7372631
GYHKIVQT,AXULOHBQ,2588762
GYHKIVQT,BEZYMBBT,5438264
GYHKIVQT,BSRMSVTC,3483515
GYHKIVQT,DEWLVASR,3119097
GYHKIVQT,DNMPSKTB,4482707
GYHKIVQT,ELQGMQWE,2264014
GYHKIVQT,EVBVXETX,2978662
GYHKIVQT,FQCLOEXA,3530589
GYHKIVQT,HXYSSRXE,5338614
GYHKIVQT,KJNSOAHR,4235829
GYHKIVQT,LPHPPJUG,2323829
GYHKIVQT,NZKBIBNU,2525973
GYHKIVQT,OKMBFVKS,3110669
GYHKIVQT,PYZMVUWD,3955468
GYHKIVQT,QRKRBYJL,3832852
GYHKIVQT,QVLMOEYE,2676138
GYHKIVQT,RCBZUSIM,3642043
GYHKIVQT,RJGPVEXX,2769621
GYHKIVQT,SAHWCZNH,2384289
GYHKIVQT,SDWAYPIK,4608867
GYHKIVQT,UIFPPCLR,2743931
GYHKIVQT,UQYUIVVR,2802043
GYHKIVQT,VMAQSTJE,3078187
GYHKIVQT,VWMBASNE,5012181
GYHKIVQT,WBLJNPZQ,2887795
GYHKIVQT,WPQXWHYO,3317247
GYHKIVQT,XUOIQPFL,3162721
GYHKIVQT,ZGJXVMNI,3482241
GYHKIVQT,ZKENOUDA,2929217
GYHKIVQT,ZXERAXWP,3232097
HCDTGMST,ATLDMDBO,30315968
HCDTGMST,BEZYMBBT,3794594
HCDTGMST,DJBLNPNC,2537097
HCDTGMST,JERHKLYW,3337590
HCDTGMST,KEUWZRKO,3623596
HCDTGMST,LUENUFGA,4172817
HCDTGMST,RCBZUSIM,2883259
HCDTGMST,STZDBITS,8914101
HCDTGMST,XIFHSOWQ,7466660
HCDTGMST,ZGJXVMNI,2699073
HXYSSRXE,ATLDMDBO,21178244
HXYSSRXE,AXULOHBQ,3440592
HXYSSRXE,BJALXPFS,3333225
HXYSSRXE,BLANHGYY,3648200
HXYSSRXE,BSRMSVTC,6675857
HXYSSRXE,DNMPSKTB,8224158
HXYSSRXE,EVBVXETX,3036850
HXYSSRXE,FDXPMYGF,3726941
HXYSSRXE,FQCLOEXA,2519988
HXYSSRXE,GYHKIVQT,23513560
HXYSSRXE,JPBRUTWP,4602392
HXYSSRXE,KEUWZRKO,3445881
HXYSSRXE,LPHPPJUG,3717470
HXYSSRXE,LUENUFGA,2668121
HXYSSRXE,OGAFEHLU,3006724
HXYSSRXE,PYZMVUWD,2751886
HXYSSRXE,RAWUKQMJ,3690352
HXYSSRXE,RJGPVEXX,2799790
HXYSSRXE,SAHWCZNH,2676138
HXYSSRXE,SDWAYPIK,5268888
HXYSSRXE,SUOYXCHP,3046937
HXYSSRXE,UGEQLMXM,2482587
HXYSSRXE,VMAQSTJE,3527511
HXYSSRXE,VWMBASNE,2952959
HXYSSRXE,WPQXWHYO,3587982
HXYSSRXE,WQMVCOEM,2989436
HXYSSRXE,XIFHSOWQ,3960638
HXYSSRXE,ZGJXVMNI,2750345
HXYSSRXE,ZKENOUDA,2581005
IGDVVKUD,ATLDMDBO,29868914
IGDVVKUD,AXULOHBQ,2643784
IGDVVKUD,BLANHGYY,2095049
IGDVVKUD,BSRMSVTC,2857812
IGDVVKUD,BTMOEMEP,3374843
IGDVVKUD,DJBLNPNC,1011720
IGDVVKUD,DNMPSKTB,2772703
IGDVVKUD,FDXPMYGF,1596608
IGDVVKUD,FQCLOEXA,3343079
IGDVVKUD,HXYSSRXE,2222727
IGDVVKUD,LRVGFDFM,5571572
IGDVVKUD,QRKRBYJL,3338478
IGDVVKUD,QVLMOEYE,3576457
IGDVVKUD,ROACSLMG,3546272
IGDVVKUD,SDWAYPIK,3707416
IGDVVKUD,SNHYOVBM,3849050
IGDVVKUD,SUOYXCHP,1999664
IGDVVKUD,UXSPKBJR,3562123
IGDVVKUD,VBYCLTYZ,3547947
IGDVVKUD,WBLJNPZQ,2321318
IGDVVKUD,WHPUAOID,2500090
IGDVVKUD,WQMVCOEM,2000661
IGDVVKUD,XUOIQPFL,3281210
JBVHSUWY,APQGTRMF,4981477
JBVHSUWY,ELQGMQWE,3889498
JBVHSUWY,FTSVTTSR,4886289
JBVHSUWY,KEUWZRKO,3299981
JBVHSUWY,KJNSOAHR,3872138
JBVHSUWY,LLHREMKS,2357866
JBVHSUWY,LTOYKIML,3065191
JBVHSUWY,NAQIHUKZ,4039501
JBVHSUWY,SDWAYPIK,3252478
JBVHSUWY,UIFPPCLR,3050898
JBVHSUWY,VMAQSTJE,3075946
JBVHSUWY,ZXERAXWP,3148217
JERHKLYW,BEZYMBBT,5805003
JERHKLYW,DBWLZWNK,3000859
JERHKLYW,JPBRUTWP,4216630
JERHKLYW,LPHPPJUG,2537078
JERHKLYW,LTOYKIML,3354033
JERHKLYW,QKXNTIIB,3370266
JERHKLYW,SAAYMURU,3107909
JERHKLYW,TGOELCAG,2929178
JERHKLYW,VUAFAIYJ,3037275
JPBRUTWP,AANGBULD,2742458
JPBRUTWP,APQGTRMF,5436304
JPBRUTWP,ATLDMDBO,31962462
JPBRUTWP,AXULOHBQ,2758938
JPBRUTWP,BEZYMBBT,4396195
JPBRUTWP,BSRMSVTC,4807744
JPBRUTWP,BTMOEMEP,2486338
JPBRUTWP,DBWLZWNK,2989436
JPBRUTWP,DEWLVASR,3587921
JPBRUTWP,DNMPSKTB,5977343
JPBRUTWP,ELQGMQWE,1901323
JPBRUTWP,EVBVXETX,3177265
JPBRUTWP,FQCLOEXA,2742458
JPBRUTWP,GYHKIVQT,19489201
JPBRUTWP,HXYSSRXE,2795082
JPBRUTWP,IGDVVKUD,2523273
JPBRUTWP,JBVHSUWY,3736936
JPBRUTWP,OGAFEHLU,3895846
JPBRUTWP,OKMBFVKS,3515616
JPBRUTWP,OXKURKXR,3457433
JPBRUTWP,PYZMVUWD,3333225
JPBRUTWP,QRKRBYJL,8024596
JPBRUTWP,QVLMOEYE,7220899
JPBRUTWP,RAWUKQMJ,2179700
JPBRUTWP,RCBZUSIM,5518969
JPBRUTWP,RJGPVEXX,3232097
JPBRUTWP,SAHWCZNH,2571920
JPBRUTWP,SDWAYPIK,4412486
JPBRUTWP,UGEQLMXM,4632283
JPBRUTWP,VBYCLTYZ,4336898
JPBRUTWP,VWMBASNE,3889411
JPBRUTWP,WBLJNPZQ,3869626
JPBRUTWP,XUOIQPFL,2804604
JPBRUTWP,ZGJXVMNI,2249450
JPBRUTWP,ZKENOUDA,3232097
JSLXRQOK,DJBLNPNC,3737601
JSLXRQOK,FTSVTTSR,1824567
JSLXRQOK,GKQIJYDH,3086912
JSLXRQOK,KJNSOAHR,5956584
JSLXRQOK,LLHREMKS,1027760
JSLXRQOK,NAQIHUKZ,1894348
JSLXRQOK,SAAYMURU,2357866
JSLXRQOK,TGOELCAG,2354903
JSLXRQOK,XIIEJNEE,2735638
JSLXRQOK,ZCELVYQU,1538619
KAGJCHMR,AANGBULD,2682861
KAGJCHMR,BUZIIBYG,5306077
KAGJCHMR,DDEXPPXU,3105935
KAGJCHMR,DUCMGGNW,2825157
KAGJCHMR,FQCLOEXA,2298434
KAGJCHMR,FTSVTTSR,2872408
KAGJCHMR,FWUCPMMW,3392616
KAGJCHMR,GKQIJYDH,6785862
KAGJCHMR,JERHKLYW,2971704
KAGJCHMR,JSLXRQOK,2396396
KAGJCHMR,LTOYKIML,3223939
KAGJCHMR,NAQIHUKZ,3606630
KAGJCHMR,NZKBIBNU,2053988
KAGJCHMR,RJGPVEXX,3050898
KAGJCHMR,ZKENOUDA,2891428
KEUWZRKO,EVBVXETX,3594386
KEUWZRKO,FRHNWLNI,2820386
KEUWZRKO,LUENUFGA,4047662
KEUWZRKO,MIRCVAMV,3047875
KEUWZRKO,NZKBIBNU,2820386
KEUWZRKO,OKMBFVKS,3190573
KEUWZRKO,RJGPVEXX,3846513
KEUWZRKO,SAHWCZNH,5081020
KEUWZRKO,UIFPPCLR,3772810
KEUWZRKO,VWMBASNE,3084212
KEUWZRKO,WPQXWHYO,4115083
KEUWZRKO,XIFHSOWQ,7506688
KEUWZRKO,XIPPENFQ,2569127
KJNSOAHR,AXULOHBQ,6050369
KJNSOAHR,BLANHGYY,3875478
KJNSOAHR,EVBVXETX,4031232
KJNSOAHR,FCYBOAXC,53462607
KJNSOAHR,GKQIJYDH,7206549
KJNSOAHR,IGDVVKUD,1930360
KJNSOAHR,JPBRUTWP,2155200
KJNSOAHR,LRVGFDFM,5902584
KJNSOAHR,QRKRBYJL,2668812
KJNSOAHR,QVLMOEYE,2436953
KJNSOAHR,VBYCLTYZ,3062981
KJNSOAHR,XIIEJNEE,3372165
KJNSOAHR,ZCELVYQU,2611197
KJNSOAHR,ZXERAXWP,3155890
LLHREMKS,AANGBULD,3377782
LLHREMKS,BLANHGYY,4950923
LLHREMKS,ELQGMQWE,2163421
LLHREMKS,FWUCPMMW,4201593
LLHREMKS,GKQIJYDH,14339096
LLHREMKS,KAGJCHMR,3430963
LLHREMKS,LSOIUSXD,4203838
LLHREMKS,MBSBZBXA,2845809
LLHREMKS,QKXNTIIB,2283002
LLHREMKS,STZDBITS,11831017
LLHREMKS,UGEQLMXM,3575608
LLHREMKS,VBYCLTYZ,3563024
LLHREMKS,XIIEJNEE,2975417
LLHREMKS,ZCELVYQU,3452536
LLHREMKS,ZXERAXWP,2240695
LPHPPJUG,AHMDUILJ,3772810
LPHPPJUG,AXULOHBQ,3660254
LPHPPJUG,DDEXPPXU,3477163
LPHPPJUG,DNMPSKTB,3623384
LPHPPJUG,EVBVXETX,2983652
LPHPPJUG,FQCLOEXA,3883546
LPHPPJUG,HXYSSRXE,6510060
LPHPPJUG,NZKBIBNU,3084212
LPHPPJUG,PYZMVUWD,3075451
LPHPPJUG,QJQJSWFU,3482572
LPHPPJUG,RJGPVEXX,2954605
LPHPPJUG,ZKENOUDA,3156996
LRVGFDFM,APQGTRMF,2676138
LRVGFDFM,ATLDMDBO,6895041
LRVGFDFM,AXULOHBQ,2988754
LRVGFDFM,BJALXPFS,2610342
LRVGFDFM,BLANHGYY,2990862
LRVGFDFM,BTMOEMEP,4236617
LRVGFDFM,BUZIIBYG,3196186
LRVGFDFM,DBWLZWNK,5446306
LRVGFDFM,DJBLNPNC,3895899
LRVGFDFM,DNMPSKTB,2830877
LRVGFDFM,DUCMGGNW,2805951
LRVGFDFM,EVBVXETX,3372165
LRVGFDFM,FCYBOAXC,14010835
LRVGFDFM,FDXPMYGF,2930014
LRVGFDFM,GYHKIVQT,5342412
LRVGFDFM,HXYSSRXE,3408540
LRVGFDFM,IGDVVKUD,5481043
LRVGFDFM,JPBRUTWP,7310949
LRVGFDFM,LPHPPJUG,2264014
LRVGFDFM,LSOIUSXD,3670999
LRVGFDFM,OGAFEHLU,5717929
LRVGFDFM,OKMBFVKS,2327142
LRVGFDFM,OXKURKXR,4682678
LRVGFDFM,QRKRBYJL,7844185
LRVGFDFM,QVLMOEYE,6162838
LRVGFDFM,RCBZUSIM,3055530
LRVGFDFM,ROACSLMG,2291174
LRVGFDFM,SDWAYPIK,5787797
LRVGFDFM,SUOYXCHP,2743931
LRVGFDFM,UGEQLMXM,5452190
LRVGFDFM,UXSPKBJR,3253565
LRVGFDFM,VBYCLTYZ,5690527
LRVGFDFM,VUAFAIYJ,3846513
LRVGFDFM,VWMBASNE,2612399
LRVGFDFM,WBLJNPZQ,2974485
LRVGFDFM,WQMVCOEM,2433940
LRVGFDFM,XIIEJNEE,4890722
LRVGFDFM,XUOIQPFL,5039793
LSOIUSXD,AXULOHBQ,4039501
LSOIUSXD,BLANHGYY,3386959
LSOIUSXD,CCLHWFWF,6506784
LSOIUSXD,DUCMGGNW,3107161
LSOIUSXD,GYHKIVQT,4144084
LSOIUSXD,KJNSOAHR,3833530
LSOIUSXD,LRVGFDFM,5848489
LSOIUSXD,VUAFAIYJ,4239875
LSOIUSXD,VWMBASNE,4878254
LSOIUSXD,WBLJNPZQ,2062217
LSOIUSXD,XIFHSOWQ,3254877
LSOIUSXD,XIPPENFQ,3430963
LSOIUSXD,XUOIQPFL,2994082
LTOYKIML,CCLHWFWF,7455356
LTOYKIML,FTSVTTSR,4073625
LTOYKIML,JPBRUTWP,3193432
LTOYKIML,JSLXRQOK,3366233
LTOYKIML,LLHREMKS,3475511
LTOYKIML,MBSBZBXA,2838153
LTOYKIML,NAQIHUKZ,4420526
LTOYKIML,OXKURKXR,3781611
LTOYKIML,SNHYOVBM,3085924
LTOYKIML,VUAFAIYJ,3480088
LTOYKIML,XIIEJNEE,3345298
LTOYKIML,XUOIQPFL,3194803
LUENUFGA,ATLDMDBO,14695634
LUENUFGA,AXULOHBQ,3412602
LUENUFGA,BJALXPFS,2978527
LUENUFGA,DNMPSKTB,2799790
LUENUFGA,EVBVXETX,3450499
LUENUFGA,KAGJCHMR,2140578
LUENUFGA,KJNSOAHR,3538256
LUENUFGA,LPHPPJUG,3632274
LUENUFGA,MIRCVAMV,3778490
LUENUFGA,RAWUKQMJ,3794594
LUENUFGA,UGEQLMXM,2456707
LUENUFGA,VWMBASNE,3396794
LUENUFGA,XIFHSOWQ,7130959
LUENUFGA,XIPPENFQ,4263893
LUENUFGA,ZGJXVMNI,3562704
LUENUFGA,ZXERAXWP,2847508
MBSBZBXA,AHMDUILJ,2621673
MBSBZBXA,HCDTGMST,3753643
MBSBZBXA,QJQJSWFU,3615864
MIRCVAMV,AANGBULD,3193811
MIRCVAMV,CCLHWFWF,5799208
MIRCVAMV,DDEXPPXU,2524351
MIRCVAMV,JSLXRQOK,2400860
MIRCVAMV,KAGJCHMR,3898167
MIRCVAMV,LPHPPJUG,3333179
MIRCVAMV,LTOYKIML,2322973
MIRCVAMV,NAQIHUKZ,6313505
MIRCVAMV,NZKBIBNU,1902778
MIRCVAMV,OXKURKXR,2957825
MIRCVAMV,VUAFAIYJ,2315070
MIRCVAMV,ZGJXVMNI,3079328
NAQIHUKZ,AANGBULD,2803537
NAQIHUKZ,ELQGMQWE,3243886
NAQIHUKZ,FITUEHWN,4086459
NAQIHUKZ,FTSVTTSR,1193721
NAQIHUKZ,FWUCPMMW,1445477
NAQIHUKZ,GKQIJYDH,3418067
NAQIHUKZ,KJNSOAHR,3574285
NAQIHUKZ,LLHREMKS,1268672
NAQIHUKZ,SAAYMURU,3333779
NAQIHUKZ,STZDBITS,15919275
NAQIHUKZ,TGOELCAG,3229337
NAQIHUKZ,UGEQLMXM,2459440
NAQIHUKZ,VBYCLTYZ,2360444
NAQIHUKZ,XIIEJNEE,2495398
NAQIHUKZ,YSYHGLQK,6012651
NAQIHUKZ,ZCELVYQU,1934785
NAQIHUKZ,ZXERAXWP,1936218
NZKBIBNU,DEWLVASR,3893503
NZKBIBNU,ELQGMQWE,3967063
NZKBIBNU,EVBVXETX,4420221
NZKBIBNU,FRHNWLNI,2983765
NZKBIBNU,FTSVTTSR,2676616
NZKBIBNU,FWUCPMMW,3881770
NZKBIBNU,JSLXRQOK,4420526
NZKBIBNU,KEUWZRKO,3781611
NZKBIBNU,KJNSOAHR,5558281
NZKBIBNU,LLHREMKS,2641372
NZKBIBNU,LUENUFGA,10983260
NZKBIBNU,NAQIHUKZ,3661772
NZKBIBNU,OKMBFVKS,2738340
NZKBIBNU,SAHWCZNH,3872138
NZKBIBNU,WPQXWHYO,5505157
NZKBIBNU,XIIEJNEE,4053721
NZKBIBNU,ZGJXVMNI,3336604
OGAFEHLU,AHMDUILJ,2498001
OGAFEHLU,APQGTRMF,3244392
OGAFEHLU,ATLDMDBO,19126592
OGAFEHLU,AXULOHBQ,2803537
OGAFEHLU,BTMOEMEP,4153263
OGAFEHLU,DBWLZWNK,3135599
OGAFEHLU,DJBLNPNC,4641972
OGAFEHLU,DNMPSKTB,5630937
OGAFEHLU,FCYBOAXC,57268817
OGAFEHLU,FRHNWLNI,3243667
OGAFEHLU,GYHKIVQT,12206791
OGAFEHLU,HXYSSRXE,4213976
OGAFEHLU,IGDVVKUD,1805892
OGAFEHLU,JPBRUTWP,3239250
OGAFEHLU,LPHPPJUG,3192410
OGAFEHLU,LRVGFDFM,3291788
OGAFEHLU,LSOIUSXD,3441653
OGAFEHLU,OKMBFVKS,3293357
OGAFEHLU,OXKURKXR,4040688
OGAFEHLU,QJQJSWFU,2911786
OGAFEHLU,QRKRBYJL,1797525
OGAFEHLU,QVLMOEYE,1087555
OGAFEHLU,RAWUKQMJ,4007782
OGAFEHLU,RCBZUSIM,3310698
OGAFEHLU,RJGPVEXX,3781611
OGAFEHLU,ROACSLMG,3212914
OGAFEHLU,SDWAYPIK,8392392
OGAFEHLU,UGEQLMXM,1882465
OGAFEHLU,UIFPPCLR,3270479
OGAFEHLU,UQYUIVVR,3519265
OGAFEHLU,UXSPKBJR,4137472
OGAFEHLU,VBYCLTYZ,1552698
OGAFEHLU,VWMBASNE,2290157
OGAFEHLU,WBLJNPZQ,2873940
OGAFEHLU,XIIEJNEE,2834881
OGAFEHLU,XUOIQPFL,3244392
OGAFEHLU,ZGJXVMNI,3656321
OJIFIHMZ,AHMDUILJ,4571412
OJIFIHMZ,BUZIIBYG,3969947
OJIFIHMZ,FITUEHWN,3909352
OJIFIHMZ,KEUWZRKO,2931580
OJIFIHMZ,SNHYOVBM,2878750
OJIFIHMZ,STZDBITS,8158938
OKMBFVKS,APQGTRMF,2651581
OKMBFVKS,ATLDMDBO,20759079
OKMBFVKS,AXULOHBQ,2829317
OKMBFVKS,BEZYMBBT,3489279
OKMBFVKS,BSRMSVTC,3451591
OKMBFVKS,BTMOEMEP,6936659
OKMBFVKS,CCLHWFWF,3689669
OKMBFVKS,DBWLZWNK,3425899
OKMBFVKS,DEWLVASR,3067588
OKMBFVKS,DJBLNPNC,3696972
OKMBFVKS,ELQGMQWE,2821573
OKMBFVKS,FDXPMYGF,2479451
OKMBFVKS,FQCLOEXA,3050512
OKMBFVKS,GYHKIVQT,5509388
OKMBFVKS,HXYSSRXE,3887929
OKMBFVKS,IGDVVKUD,5645321
OKMBFVKS,KJNSOAHR,3669085
OKMBFVKS,QRKRBYJL,4752804
OKMBFVKS,QVLMOEYE,3772810
OKMBFVKS,RCBZUSIM,3254877
OKMBFVKS,RJGPVEXX,3833530
OKMBFVKS,SDWAYPIK,4575154
OKMBFVKS,UIFPPCLR,5645321
OKMBFVKS,VWMBASNE,4575154
OKMBFVKS,WBLJNPZQ,3997689
OKMBFVKS,XUOIQPFL,3526597
OKMBFVKS,ZGJXVMNI,4756256
OKMBFVKS,ZKENOUDA,4684144
OKMBFVKS,ZXERAXWP,3706239
OXKURKXR,APQGTRMF,3208865
OXKURKXR,ATLDMDBO,19115981
OXKURKXR,AXULOHBQ,4669675
OXKURKXR,BEZYMBBT,3751285
OXKURKXR,DJBLNPNC,3115559
OXKURKXR,DNMPSKTB,2809012
OXKURKXR,ELQGMQWE,2826399
OXKURKXR,FDXPMYGF,3334620
OXKURKXR,FQCLOEXA,2789972
OXKURKXR,FTSVTTSR,3436310
OXKURKXR,GYHKIVQT,4666568
OXKURKXR,HXYSSRXE,4189155
OXKURKXR,JBVHSUWY,3227778
OXKURKXR,JPBRUTWP,3385864
OXKURKXR,JSLXRQOK,4399078
OXKURKXR,LSOIUSXD,3075946
OXKURKXR,LTOYKIML,3254877
OXKURKXR,NAQIHUKZ,3800568
OXKURKXR,OJIFIHMZ,3198624
OXKURKXR,QRKRBYJL,4459519
OXKURKXR,QVLMOEYE,3337590
OXKURKXR,RAWUKQMJ,3276086
OXKURKXR,SDWAYPIK,4172817
OXKURKXR,TGOELCAG,2892662
OXKURKXR,UGEQLMXM,3430963
OXKURKXR,ZGJXVMNI,2980149
OXKURKXR,ZKENOUDA,2980149
PYZMVUWD,AHMDUILJ,2498001
PYZMVUWD,LSOIUSXD,3517842
PYZMVUWD,LUENUFGA,3027369
PYZMVUWD,MIRCVAMV,2894163
PYZMVUWD,QJQJSWFU,3898167
PYZMVUWD,RJGPVEXX,3488073
PYZMVUWD,UGEQLMXM,3467555
PYZMVUWD,VUAFAIYJ,3583825
PYZMVUWD,XIFHSOWQ,3465614
PYZMVUWD,XIPPENFQ,2738012
PYZMVUWD,XMKRPGLB,2696609
PYZMVUWD,ZXERAXWP,2816814
QJQJSWFU,ATLDMDBO,22864079
QJQJSWFU,OKMBFVKS,3473277
QJQJSWFU,OXKURKXR,2938287
QJQJSWFU,QVLMOEYE,3075946
QJQJSWFU,SDWAYPIK,3649403
QKXNTIIB,AHMDUILJ,2970882
QKXNTIIB,ATLDMDBO,15978314
QKXNTIIB,BLANHGYY,4321308
QKXNTIIB,BUZIIBYG,4974012
QKXNTIIB,FTSVTTSR,3141787
QKXNTIIB,JSLXRQOK,3386495
QKXNTIIB,LLHREMKS,4191391
QKXNTIIB,NAQIHUKZ,2846898
QKXNTIIB,SNHYOVBM,2622869
QKXNTIIB,UQYUIVVR,3359498
QRKRBYJL,APQGTRMF,5548422
QRKRBYJL,ATLDMDBO,37789591
QRKRBYJL,AXULOHBQ,4824704
QRKRBYJL,BEZYMBBT,2772442
QRKRBYJL,BJALXPFS,2612399
QRKRBYJL,BLANHGYY,3225387
QRKRBYJL,BSRMSVTC,2707902
QRKRBYJL,BTMOEMEP,9583997
QRKRBYJL,BUZIIBYG,3252478
QRKRBYJL,DEWLVASR,2755741
QRKRBYJL,DNMPSKTB,4290796
QRKRBYJL,EVBVXETX,3218357
QRKRBYJL,FDXPMYGF,2381078
QRKRBYJL,FQCLOEXA,3185043
QRKRBYJL,FRHNWLNI,3489279
QRKRBYJL,GYHKIVQT,10847768
QRKRBYJL,HXYSSRXE,4815431
QRKRBYJL,IGDVVKUD,3386959
QRKRBYJL,JPBRUTWP,6128386
QRKRBYJL,LPHPPJUG,2739828
QRKRBYJL,LRVGFDFM,10126199
QRKRBYJL,OGAFEHLU,4051475
QRKRBYJL,OKMBFVKS,2779433
QRKRBYJL,OXKURKXR,2799782
QRKRBYJL,QVLMOEYE,4184676
QRKRBYJL,RAWUKQMJ,3098484
QRKRBYJL,RCBZUSIM,4790764
QRKRBYJL,RJGPVEXX,3833530
QRKRBYJL,SDWAYPIK,5741714
QRKRBYJL,UGEQLMXM,3683428
QRKRBYJL,UIFPPCLR,4478537
QRKRBYJL,UXSPKBJR,2768695
QRKRBYJL,VBYCLTYZ,5027104
QRKRBYJL,VMAQSTJE,2686886
QRKRBYJL,WBLJNPZQ,3416930
QRKRBYJL,WQMVCOEM,2597357
QRKRBYJL,XUOIQPFL,6206455
QRKRBYJL,ZGJXVMNI,2856287
QRKRBYJL,ZKENOUDA,2879595
QVLMOEYE,APQGTRMF,5717516
QVLMOEYE,ATLDMDBO,25598407
QVLMOEYE,AXULOHBQ,4246542
QVLMOEYE,BEZYMBBT,3772810
QVLMOEYE,BJALXPFS,2490911
QVLMOEYE,BLANHGYY,2768695
QVLMOEYE,BSRMSVTC,3314243
QVLMOEYE,BTMOEMEP,10009976
QVLMOEYE,DJBLNPNC,4579203
QVLMOEYE,DNMPSKTB,3876808
QVLMOEYE,EVBVXETX,3587614
QVLMOEYE,FDXPMYGF,3479071
QVLMOEYE,FQCLOEXA,3310829
QVLMOEYE,FRHNWLNI,3025655
QVLMOEYE,GYHKIVQT,24271464
QVLMOEYE,HXYSSRXE,5365332
QVLMOEYE,IGDVVKUD,3386959
QVLMOEYE,JPBRUTWP,4030222
QVLMOEYE,KEUWZRKO,2699762
QVLMOEYE,LPHPPJUG,3885550
QVLMOEYE,LRVGFDFM,4579806
QVLMOEYE,OGAFEHLU,3706197
QVLMOEYE,OKMBFVKS,4304688
QVLMOEYE,PYZMVUWD,3077390
QVLMOEYE,QRKRBYJL,5993112
QVLMOEYE,RAWUKQMJ,2569127
QVLMOEYE,RCBZUSIM,5031669
QVLMOEYE,RJGPVEXX,3480088
QVLMOEYE,SAHWCZNH,2662565
QVLMOEYE,SDWAYPIK,5939981
QVLMOEYE,VBYCLTYZ,5858231
QVLMOEYE,VMAQSTJE,2664142
QVLMOEYE,VWMBASNE,3467245
QVLMOEYE,WBLJNPZQ,4070006
QVLMOEYE,WQMVCOEM,3386959
QVLMOEYE,XUOIQPFL,4639844
QVLMOEYE,ZGJXVMNI,2974054
QVLMOEYE,ZKENOUDA,2724738
RAWUKQMJ,AXULOHBQ,3906034
RAWUKQMJ,DEWLVASR,2799008
RAWUKQMJ,DNMPSKTB,2333632
RAWUKQMJ,EVBVXETX,2962199
RAWUKQMJ,FDXPMYGF,2189217
RAWUKQMJ,FQCLOEXA,2820541
RAWUKQMJ,GYHKIVQT,8481909
RAWUKQMJ,HXYSSRXE,4865137
RAWUKQMJ,JBVHSUWY,3177795
RAWUKQMJ,KEUWZRKO,3098484
RAWUKQMJ,NZKBIBNU,3114038
RAWUKQMJ,RJGPVEXX,3208461
RAWUKQMJ,SAHWCZNH,2983208
RAWUKQMJ,UGEQLMXM,2509387
RAWUKQMJ,VMAQSTJE,3318021
RAWUKQMJ,WPQXWHYO,2806585
RAWUKQMJ,ZGJXVMNI,2581005
RCBZUSIM,APQGTRMF,3299981
RCBZUSIM,ATLDMDBO,29994702
RCBZUSIM,AXULOHBQ,2139155
RCBZUSIM,BJALXPFS,2590011
RCBZUSIM,BLANHGYY,2316041
RCBZUSIM,BSRMSVTC,3795612
RCBZUSIM,BTMOEMEP,3834980
RCBZUSIM,DDEXPPXU,3441339
RCBZUSIM,DNMPSKTB,2598035
RCBZUSIM,FDXPMYGF,2873818
RCBZUSIM,FQCLOEXA,3337915
RCBZUSIM,FRHNWLNI,3133845
RCBZUSIM,GYHKIVQT,12695021
RCBZUSIM,JBVHSUWY,3075946
RCBZUSIM,OXKURKXR,3903804
RCBZUSIM,PYZMVUWD,3283321
RCBZUSIM,QRKRBYJL,3098518
RCBZUSIM,QVLMOEYE,3552058
RCBZUSIM,RJGPVEXX,3596891
RCBZUSIM,SAHWCZNH,3795612
RCBZUSIM,STZDBITS,3377516
RCBZUSIM,VMAQSTJE,3527463
RCBZUSIM,XUOIQPFL,2616024
RCBZUSIM,YSYHGLQK,2339695
RCBZUSIM,ZGJXVMNI,3574190
RJGPVEXX,AANGBULD,4894802
RJGPVEXX,DEWLVASR,2363291
RJGPVEXX,FITUEHWN,4714242
RJGPVEXX,GYHKIVQT,19973405
RJGPVEXX,KEUWZRKO,3599739
RJGPVEXX,KJNSOAHR,4666568
RJGPVEXX,LUENUFGA,3794594
RJGPVEXX,PYZMVUWD,3016135
RJGPVEXX,SAHWCZNH,3030960
RJGPVEXX,SDWAYPIK,6510060
RJGPVEXX,UGEQLMXM,2711218
RJGPVEXX,UIFPPCLR,3482572
RJGPVEXX,UQYUIVVR,3489279
RJGPVEXX,VBYCLTYZ,3011103
RJGPVEXX,VUAFAIYJ,3772810
RJGPVEXX,VWMBASNE,3534661
RJGPVEXX,WPQXWHYO,3358297
RJGPVEXX,XIFHSOWQ,3794594
RJGPVEXX,XIPPENFQ,2858421
RJGPVEXX,XUOIQPFL,3482572
RJGPVEXX,ZKENOUDA,3345298
ROACSLMG,APQGTRMF,2534196
ROACSLMG,ATLDMDBO,19921540
ROACSLMG,BSRMSVTC,2416841
ROACSLMG,BTMOEMEP,6138104
ROACSLMG,DJBLNPNC,3722963
ROACSLMG,FDXPMYGF,2572693
ROACSLMG,HXYSSRXE,3875023
ROACSLMG,IGDVVKUD,5491729
ROACSLMG,JPBRUTWP,4077174
ROACSLMG,QRKRBYJL,3334402
ROACSLMG,TGOELCAG,3538256
ROACSLMG,VBYCLTYZ,3077575
ROACSLMG,XMKRPGLB,3669085
ROACSLMG,XUOIQPFL,3077575
SAAYMURU,BJALXPFS,3930022
SAAYMURU,FDXPMYGF,3186780
SAAYMURU,FWUCPMMW,3678428
SAAYMURU,MBSBZBXA,3026294
SAAYMURU,STZDBITS,3714494
SAAYMURU,SUOYXCHP,3254877
SAAYMURU,UQYUIVVR,4721331
SAAYMURU,XIIEJNEE,2283002
SAHWCZNH,DNMPSKTB,3440075
SAHWCZNH,EVBVXETX,3890685
SAHWCZNH,JSLXRQOK,3534661
SAHWCZNH,KEUWZRKO,4478537
SAHWCZNH,LUENUFGA,5692612
SAHWCZNH,MIRCVAMV,2707902
SAHWCZNH,NZKBIBNU,2820386
SAHWCZNH,QRKRBYJL,3432813
SAHWCZNH,RJGPVEXX,3709115
SAHWCZNH,UXSPKBJR,2276150
SAHWCZNH,WPQXWHYO,4450340
SAHWCZNH,WQMVCOEM,3595573
SAHWCZNH,XIFHSOWQ,7570028
SAHWCZNH,XIPPENFQ,2711537
SDWAYPIK,AANGBULD,2821573
SDWAYPIK,APQGTRMF,3757172
SDWAYPIK,ATLDMDBO,29071244
SDWAYPIK,AXULOHBQ,3525680
SDWAYPIK,BEZYMBBT,3657156
SDWAYPIK,BTMOEMEP,5840927
SDWAYPIK,DBWLZWNK,3757000
SDWAYPIK,DEWLVASR,2380091
SDWAYPIK,DJBLNPNC,3414191
SDWAYPIK,DNMPSKTB,7786015
SDWAYPIK,DUCMGGNW,3347860
SDWAYPIK,ELQGMQWE,2677085
SDWAYPIK,FQCLOEXA,2968861
SDWAYPIK,GYHKIVQT,11816393
SDWAYPIK,HXYSSRXE,3944872
SDWAYPIK,IGDVVKUD,3642043
SDWAYPIK,JPBRUTWP,5136379
SDWAYPIK,KJNSOAHR,2582919
SDWAYPIK,LPHPPJUG,2628485
SDWAYPIK,LRVGFDFM,4648163
SDWAYPIK,LSOIUSXD,3922118
SDWAYPIK,OGAFEHLU,4084942
SDWAYPIK,OKMBFVKS,5403701
SDWAYPIK,OXKURKXR,5691259
SDWAYPIK,QJQJSWFU,3348855
SDWAYPIK,QRKRBYJL,4600098
SDWAYPIK,QVLMOEYE,13873234
SDWAYPIK,RAWUKQMJ,3864881
SDWAYPIK,RCBZUSIM,3657156
SDWAYPIK,RJGPVEXX,3587921
SDWAYPIK,UGEQLMXM,4811874
SDWAYPIK,UIFPPCLR,3541889
SDWAYPIK,UXSPKBJR,3889411
SDWAYPIK,VBYCLTYZ,5587315
SDWAYPIK,VMAQSTJE,2733891
SDWAYPIK,VWMBASNE,2772442
SDWAYPIK,WBLJNPZQ,4322480
SDWAYPIK,WQMVCOEM,2488461
SDWAYPIK,XUOIQPFL,6472037
SDWAYPIK,ZGJXVMNI,2519988
SDWAYPIK,ZKENOUDA,2710981
SNHYOVBM,AHMDUILJ,3005034
SNHYOVBM,BLANHGYY,3156535
SNHYOVBM,BSRMSVTC,2825538
SNHYOVBM,DBWLZWNK,2401017
SNHYOVBM,DJBLNPNC,4963309
SNHYOVBM,DUCMGGNW,2650396
SNHYOVBM,FITUEHWN,3619943
SNHYOVBM,FRHNWLNI,3162081
SNHYOVBM,HCDTGMST,2363291
SNHYOVBM,VMAQSTJE,3547206
STZDBITS,FWUCPMMW,2436953
STZDBITS,OJIFIHMZ,3155890
STZDBITS,OXKURKXR,2443462
STZDBITS,XIIEJNEE,3743470
STZDBITS,YSYHGLQK,2668812
SUOYXCHP,FCYBOAXC,82857877
SUOYXCHP,FITUEHWN,3244587
SUOYXCHP,HCDTGMST,2590101
SUOYXCHP,KEUWZRKO,2972510
SUOYXCHP,LUENUFGA,3485428
SUOYXCHP,PYZMVUWD,3053940
SUOYXCHP,RJGPVEXX,3020503
SUOYXCHP,SAHWCZNH,3412968
SUOYXCHP,STZDBITS,4966917
SUOYXCHP,WPQXWHYO,4051797
TGOELCAG,KEUWZRKO,4865137
TGOELCAG,LLHREMKS,3380133
TGOELCAG,LUENUFGA,3005902
TGOELCAG,OJIFIHMZ,2775686
TGOELCAG,XIFHSOWQ,3385864
TGOELCAG,YSYHGLQK,4405075
UGEQLMXM,APQGTRMF,3840703
UGEQLMXM,ATLDMDBO,28944755
UGEQLMXM,AXULOHBQ,2605680
UGEQLMXM,BLANHGYY,3833766
UGEQLMXM,BTMOEMEP,9151793
UGEQLMXM,DBWLZWNK,3945849
UGEQLMXM,DJBLNPNC,2905473
UGEQLMXM,DNMPSKTB,4686531
UGEQLMXM,DUCMGGNW,2357866
UGEQLMXM,FDXPMYGF,2420750
UGEQLMXM,FQCLOEXA,3214724
UGEQLMXM,GYHKIVQT,19185690
UGEQLMXM,HXYSSRXE,3199929
UGEQLMXM,IGDVVKUD,2413120
UGEQLMXM,JPBRUTWP,4512362
UGEQLMXM,KJNSOAHR,3432813
UGEQLMXM,LPHPPJUG,3033759
UGEQLMXM,LRVGFDFM,3075946
UGEQLMXM,LSOIUSXD,4231878
UGEQLMXM,OGAFEHLU,4040048
UGEQLMXM,OKMBFVKS,3971100
UGEQLMXM,OXKURKXR,3521188
UGEQLMXM,QRKRBYJL,3307095
UGEQLMXM,QVLMOEYE,2922919
UGEQLMXM,RAWUKQMJ,5106353
UGEQLMXM,RCBZUSIM,3379582
UGEQLMXM,ROACSLMG,3893503
UGEQLMXM,SDWAYPIK,5916032
UGEQLMXM,SNHYOVBM,3186780
UGEQLMXM,UXSPKBJR,3514443
UGEQLMXM,VBYCLTYZ,2294166
UGEQLMXM,VWMBASNE,4412098
UGEQLMXM,WBLJNPZQ,3199929
UGEQLMXM,WHPUAOID,2241016
UGEQLMXM,WQMVCOEM,3199929
UGEQLMXM,XUOIQPFL,6377040
UGEQLMXM,ZKENOUDA,4537864
UIFPPCLR,APQGTRMF,3305793
UIFPPCLR,DEWLVASR,23198426
UIFPPCLR,ELQGMQWE,3657195
UIFPPCLR,GYHKIVQT,15868963
UIFPPCLR,HXYSSRXE,2298434
UIFPPCLR,JBVHSUWY,3227778
UIFPPCLR,KJNSOAHR,4344824
UIFPPCLR,LPHPPJUG,3261628
UIFPPCLR,QRKRBYJL,3737601
UIFPPCLR,QVLMOEYE,3430963
UIFPPCLR,RJGPVEXX,3075451
UIFPPCLR,SDWAYPIK,6762150
UIFPPCLR,UXSPKBJR,3751285
UIFPPCLR,VBYCLTYZ,3429058
UIFPPCLR,WQMVCOEM,2522357
UIFPPCLR,XUOIQPFL,3102394
UIFPPCLR,ZKENOUDA,3781611
UIFPPCLR,ZXERAXWP,3282279
UQYUIVVR,AHMDUILJ,3075451
UQYUIVVR,BSRMSVTC,3252478
UQYUIVVR,TGOELCAG,3215681
UQYUIVVR,UIFPPCLR,2668122
UQYUIVVR,VMAQSTJE,3225387
UQYUIVVR,VUAFAIYJ,3087417
UQYUIVVR,WHPUAOID,2300776
UQYUIVVR,WQMVCOEM,4051475
UXSPKBJR,APQGTRMF,3973602
UXSPKBJR,ATLDMDBO,20826848
UXSPKBJR,AXULOHBQ,2932512
UXSPKBJR,BTMOEMEP,4928754
UXSPKBJR,DBWLZWNK,4123539
UXSPKBJR,DNMPSKTB,5039793
UXSPKBJR,DUCMGGNW,3450599
UXSPKBJR,EVBVXETX,3318516
UXSPKBJR,FDXPMYGF,3801091
UXSPKBJR,FRHNWLNI,3826136
UXSPKBJR,HXYSSRXE,3116542
UXSPKBJR,IGDVVKUD,4496777
UXSPKBJR,JPBRUTWP,5066361
UXSPKBJR,KEUWZRKO,3794594
UXSPKBJR,LPHPPJUG,3631365
UXSPKBJR,LRVGFDFM,4656670
UXSPKBJR,OJIFIHMZ,3951819
UXSPKBJR,QRKRBYJL,6644687
UXSPKBJR,QVLMOEYE,4537717
UXSPKBJR,RAWUKQMJ,3437802
UXSPKBJR,RCBZUSIM,3116542
UXSPKBJR,SAHWCZNH,3794594
UXSPKBJR,SDWAYPIK,5485790
UXSPKBJR,SUOYXCHP,4145196
UXSPKBJR,UIFPPCLR,3186780
UXSPKBJR,VBYCLTYZ,3078322
UXSPKBJR,WQMVCOEM,3510710
UXSPKBJR,XIIEJNEE,3075946
UXSPKBJR,XIPPENFQ,3500111
UXSPKBJR,ZGJXVMNI,3418357
VBYCLTYZ,APQGTRMF,6862646
VBYCLTYZ,ATLDMDBO,15118774
VBYCLTYZ,AXULOHBQ,3643059
VBYCLTYZ,BEZYMBBT,3751285
VBYCLTYZ,BLANHGYY,2253694
VBYCLTYZ,BSRMSVTC,3034535
VBYCLTYZ,BTMOEMEP,8393437
VBYCLTYZ,DJBLNPNC,5562177
VBYCLTYZ,DNMPSKTB,3151060
VBYCLTYZ,FDXPMYGF,2793194
VBYCLTYZ,FRHNWLNI,2601557
VBYCLTYZ,GYHKIVQT,17100249
VBYCLTYZ,HXYSSRXE,2132716
VBYCLTYZ,IGDVVKUD,4399078
VBYCLTYZ,JPBRUTWP,4913841
VBYCLTYZ,LPHPPJUG,2824888
VBYCLTYZ,OXKURKXR,2887177
VBYCLTYZ,QRKRBYJL,5144736
VBYCLTYZ,QVLMOEYE,1872493
VBYCLTYZ,RAWUKQMJ,3069877
VBYCLTYZ,RCBZUSIM,4098769
VBYCLTYZ,SDWAYPIK,5065859
VBYCLTYZ,SUOYXCHP,2532855
VBYCLTYZ,UGEQLMXM,3196679
VBYCLTYZ,UXSPKBJR,3649403
VBYCLTYZ,WBLJNPZQ,3484888
VBYCLTYZ,WQMVCOEM,2768695
VBYCLTYZ,XUOIQPFL,4312561
VBYCLTYZ,ZKENOUDA,3268064
VBYCLTYZ,ZXERAXWP,2711218
VMAQSTJE,KEUWZRKO,4119633
VMAQSTJE,OGAFEHLU,3714494
VMAQSTJE,PYZMVUWD,3649403
VMAQSTJE,RCBZUSIM,3254877
VMAQSTJE,SDWAYPIK,3254877
VMAQSTJE,STZDBITS,5956584
VMAQSTJE,UIFPPCLR,4818082
VMAQSTJE,VWMBASNE,2775662
VMAQSTJE,WPQXWHYO,3833530
VMAQSTJE,XIFHSOWQ,3427621
VMAQSTJE,XIPPENFQ,2882080
VUAFAIYJ,APQGTRMF,2811893
VUAFAIYJ,ATLDMDBO,26843021
VUAFAIYJ,CCLHWFWF,4253447
VUAFAIYJ,DUCMGGNW,3482572
VUAFAIYJ,FCYBOAXC,9302107
VUAFAIYJ,LLHREMKS,3638656
VUAFAIYJ,LRVGFDFM,4387502
VUAFAIYJ,LSOIUSXD,15857615
VUAFAIYJ,UGEQLMXM,34971243
VUAFAIYJ,VWMBASNE,3223992
VUAFAIYJ,WBLJNPZQ,4254975
VUAFAIYJ,WHPUAOID,3489279
VUAFAIYJ,XIPPENFQ,3039528
VUAFAIYJ,ZCELVYQU,2223328
VWMBASNE,CCLHWFWF,9018056
VWMBASNE,DBWLZWNK,2756573
VWMBASNE,FCYBOAXC,75429844
VWMBASNE,JPBRUTWP,2989542
VWMBASNE,LRVGFDFM,4072435
VWMBASNE,LSOIUSXD,5462139
VWMBASNE,MIRCVAMV,2033683
VWMBASNE,OGAFEHLU,4007782
VWMBASNE,VUAFAIYJ,5306703
VWMBASNE,WBLJNPZQ,1422786
VWMBASNE,XIPPENFQ,4119633
VWMBASNE,ZXERAXWP,2711218
WBLJNPZQ,AANGBULD,3794594
WBLJNPZQ,ATLDMDBO,26846914
WBLJNPZQ,AXULOHBQ,3840512
WBLJNPZQ,BJALXPFS,4173517
WBLJNPZQ,BSRMSVTC,4981477
WBLJNPZQ,BTMOEMEP,3075946
WBLJNPZQ,CCLHWFWF,6270063
WBLJNPZQ,DEWLVASR,2904373
WBLJNPZQ,FQCLOEXA,3781611
WBLJNPZQ,HXYSSRXE,4231878
WBLJNPZQ,JPBRUTWP,3880024
WBLJNPZQ,LPHPPJUG,3039344
WBLJNPZQ,LRVGFDFM,5218688
WBLJNPZQ,LSOIUSXD,4261980
WBLJNPZQ,LTOYKIML,3938241
WBLJNPZQ,MIRCVAMV,3714494
WBLJNPZQ,OGAFEHLU,3683771
WBLJNPZQ,OKMBFVKS,3761421
WBLJNPZQ,PYZMVUWD,3075946
WBLJNPZQ,QRKRBYJL,5427474
WBLJNPZQ,QVLMOEYE,3808814
WBLJNPZQ,RAWUKQMJ,3638656
WBLJNPZQ,RJGPVEXX,3585797
WBLJNPZQ,SDWAYPIK,3008750
WBLJNPZQ,SNHYOVBM,2963874
WBLJNPZQ,UGEQLMXM,2681216
WBLJNPZQ,VUAFAIYJ,2958786
WBLJNPZQ,VWMBASNE,4290477
WBLJNPZQ,XUOIQPFL,4406010
WBLJNPZQ,ZGJXVMNI,4284282
WBLJNPZQ,ZKENOUDA,3915408
WHPUAOID,DUCMGGNW,3494574
WHPUAOID,FDXPMYGF,3438633
WHPUAOID,HXYSSRXE,4055883
WHPUAOID,LRVGFDFM,2323810
WHPUAOID,WBLJNPZQ,3425899
WHPUAOID,XIIEJNEE,2520151
WPQXWHYO,EVBVXETX,4648163
WPQXWHYO,LUENUFGA,3530589
WPQXWHYO,MIRCVAMV,3660560
WPQXWHYO,NZKBIBNU,2611197
WPQXWHYO,RJGPVEXX,7403427
WPQXWHYO,SAHWCZNH,3717470
WPQXWHYO,VMAQSTJE,2187415
WPQXWHYO,XIFHSOWQ,3420835
WPQXWHYO,XIPPENFQ,2581005
WPQXWHYO,ZKENOUDA,2338509
WQMVCOEM,AXULOHBQ,3714494
WQMVCOEM,BJALXPFS,3149139
WQMVCOEM,DJBLNPNC,2985743
WQMVCOEM,FDXPMYGF,3893503
WQMVCOEM,HXYSSRXE,2301198
WQMVCOEM,JPBRUTWP,2981457
WQMVCOEM,OGAFEHLU,3891977
WQMVCOEM,SAHWCZNH,3061865
WQMVCOEM,SUOYXCHP,3227870
WQMVCOEM,VMAQSTJE,2664142
XIFHSOWQ,AHMDUILJ,3198624
XIFHSOWQ,EVBVXETX,4370521
XIFHSOWQ,FCYBOAXC,84261715
XIFHSOWQ,FRHNWLNI,4541550
XIFHSOWQ,LUENUFGA,3122576
XIFHSOWQ,MIRCVAMV,1870451
XIFHSOWQ,NZKBIBNU,3722023
XIFHSOWQ,RJGPVEXX,3248285
XIFHSOWQ,SAHWCZNH,3649403
XIFHSOWQ,VWMBASNE,2024781
XIFHSOWQ,WPQXWHYO,4118429
XIFHSOWQ,XIPPENFQ,2097015
XIFHSOWQ,ZGJXVMNI,2151433
XIIEJNEE,APQGTRMF,3078350
XIIEJNEE,ATLDMDBO,18308737
XIIEJNEE,AXULOHBQ,2765811
XIIEJNEE,BLANHGYY,2146755
XIIEJNEE,BTMOEMEP,2360868
XIIEJNEE,BUZIIBYG,4803972
XIIEJNEE,DBWLZWNK,3444610
XIIEJNEE,DJBLNPNC,853477
XIIEJNEE,DNMPSKTB,4399811
XIIEJNEE,DUCMGGNW,3092887
XIIEJNEE,EVBVXETX,3468162
XIIEJNEE,FDXPMYGF,3143006
XIIEJNEE,FRHNWLNI,2568935
XIIEJNEE,FWUCPMMW,3355992
XIIEJNEE,HXYSSRXE,3141934
XIIEJNEE,IGDVVKUD,925200
XIIEJNEE,LRVGFDFM,4040688
XIIEJNEE,OKMBFVKS,5027248
XIIEJNEE,QRKRBYJL,3120562
XIIEJNEE,QVLMOEYE,10286943
XIIEJNEE,RCBZUSIM,3418823
XIIEJNEE,ROACSLMG,4981477
XIIEJNEE,SAAYMURU,2833365
XIIEJNEE,SDWAYPIK,3636838
XIIEJNEE,SNHYOVBM,3154895
XIIEJNEE,UQYUIVVR,5496380
XIIEJNEE,UXSPKBJR,3133498
XIIEJNEE,VBYCLTYZ,10698042
XIIEJNEE,WBLJNPZQ,3419043
XIIEJNEE,WHPUAOID,2890169
XIIEJNEE,WQMVCOEM,2211946
XIPPENFQ,AHMDUILJ,3075946
XIPPENFQ,DDEXPPXU,2742350
XIPPENFQ,FCYBOAXC,73944768
XIPPENFQ,MIRCVAMV,2628778
XIPPENFQ,NZKBIBNU,2884777
XIPPENFQ,QKXNTIIB,3469235
XIPPENFQ,RAWUKQMJ,3016135
XIPPENFQ,RJGPVEXX,2699762
XIPPENFQ,ZGJXVMNI,2857123
XIPPENFQ,ZKENOUDA,2650929
XMKRPGLB,BSRMSVTC,2371234
XMKRPGLB,LTOYKIML,3336604
XMKRPGLB,SNHYOVBM,4552865
XUOIQPFL,APQGTRMF,3529621
XUOIQPFL,ATLDMDBO,27028329
XUOIQPFL,AXULOHBQ,3316067
XUOIQPFL,BEZYMBBT,2940635
XUOIQPFL,BJALXPFS,3627346
XUOIQPFL,BLANHGYY,2292975
XUOIQPFL,BTMOEMEP,3359580
XUOIQPFL,DBWLZWNK,4691512
XUOIQPFL,DEWLVASR,3538256
XUOIQPFL,DJBLNPNC,3934148
XUOIQPFL,DNMPSKTB,5905918
XUOIQPFL,GYHKIVQT,18263848
XUOIQPFL,IGDVVKUD,2407350
XUOIQPFL,JPBRUTWP,6729602
XUOIQPFL,KJNSOAHR,12172059
XUOIQPFL,LPHPPJUG,13941314
XUOIQPFL,LRVGFDFM,5905918
XUOIQPFL,OGAFEHLU,4537288
XUOIQPFL,OKMBFVKS,3827034
XUOIQPFL,OXKURKXR,4895204
XUOIQPFL,QRKRBYJL,6767447
XUOIQPFL,QVLMOEYE,3757527
XUOIQPFL,RAWUKQMJ,3802507
XUOIQPFL,SDWAYPIK,4733608
XUOIQPFL,UGEQLMXM,6938234
XUOIQPFL,UIFPPCLR,1934962
XUOIQPFL,UXSPKBJR,3600949
XUOIQPFL,VBYCLTYZ,5417783
XUOIQPFL,VWMBASNE,2012420
XUOIQPFL,WBLJNPZQ,3108732
XUOIQPFL,XIIEJNEE,3510710
XUOIQPFL,ZGJXVMNI,3012427
XUOIQPFL,ZKENOUDA,3047795
YSYHGLQK,FRHNWLNI,3139812
YSYHGLQK,HCDTGMST,2972510
YSYHGLQK,LPHPPJUG,3484732
YSYHGLQK,OXKURKXR,2534446
YSYHGLQK,ZKENOUDA,2455331
ZCELVYQU,ATLDMDBO,34489237
ZCELVYQU,BLANHGYY,4405997
ZCELVYQU,CCLHWFWF,5326805
ZCELVYQU,DNMPSKTB,3664203
ZCELVYQU,ELQGMQWE,4218587
ZCELVYQU,FDXPMYGF,4280208
ZCELVYQU,FWUCPMMW,4854525
ZCELVYQU,HXYSSRXE,3395465
ZCELVYQU,LSOIUSXD,2557407
ZCELVYQU,UGEQLMXM,4534914
ZCELVYQU,VBYCLTYZ,3238402
ZCELVYQU,WBLJNPZQ,2753130
ZCELVYQU,ZXERAXWP,4172817
ZGJXVMNI,AANGBULD,4959968
ZGJXVMNI,ATLDMDBO,23401878
ZGJXVMNI,BEZYMBBT,3523181
ZGJXVMNI,DDEXPPXU,2704307
ZGJXVMNI,DEWLVASR,7413741
ZGJXVMNI,DNMPSKTB,3843918
ZGJXVMNI,EVBVXETX,4805909
ZGJXVMNI,FITUEHWN,3345042
ZGJXVMNI,FQCLOEXA,3382541
ZGJXVMNI,FTSVTTSR,4262160
ZGJXVMNI,GYHKIVQT,21328985
ZGJXVMNI,JBVHSUWY,3031158
ZGJXVMNI,JSLXRQOK,4818909
ZGJXVMNI,KJNSOAHR,6535452
ZGJXVMNI,LPHPPJUG,3496618
ZGJXVMNI,NAQIHUKZ,2673664
ZGJXVMNI,NZKBIBNU,2604112
ZGJXVMNI,PYZMVUWD,3031158
ZGJXVMNI,QRKRBYJL,2597907
ZGJXVMNI,QVLMOEYE,3078373
ZGJXVMNI,RAWUKQMJ,3116912
ZGJXVMNI,RJGPVEXX,4101955
ZGJXVMNI,SAHWCZNH,2821573
ZGJXVMNI,SDWAYPIK,6247090
ZGJXVMNI,UGEQLMXM,2574404
ZGJXVMNI,UIFPPCLR,3337311
ZGJXVMNI,VUAFAIYJ,3419828
ZGJXVMNI,WBLJNPZQ,3538256
ZGJXVMNI,WPQXWHYO,3801067
ZGJXVMNI,XIIEJNEE,3422663
ZGJXVMNI,XUOIQPFL,3326319
ZGJXVMNI,ZKENOUDA,4395060
ZKENOUDA,AANGBULD,7195696
ZKENOUDA,APQGTRMF,2925617
ZKENOUDA,BEZYMBBT,3256210
ZKENOUDA,DEWLVASR,4512569
ZKENOUDA,DNMPSKTB,3833530
ZKENOUDA,ELQGMQWE,2689551
ZKENOUDA,EVBVXETX,3942744
ZKENOUDA,FITUEHWN,3546900
ZKENOUDA,FQCLOEXA,3308205
ZKENOUDA,FTSVTTSR,2882245
ZKENOUDA,GKQIJYDH,4343666
ZKENOUDA,GYHKIVQT,6004392
ZKENOUDA,KJNSOAHR,3812556
ZKENOUDA,LLHREMKS,2847600
ZKENOUDA,MBSBZBXA,3254877
ZKENOUDA,OKMBFVKS,5108949
ZKENOUDA,OXKURKXR,3148217
ZKENOUDA,QVLMOEYE,3216879
ZKENOUDA,RJGPVEXX,3489279
ZKENOUDA,SDWAYPIK,2925617
ZKENOUDA,UIFPPCLR,2783959
ZKENOUDA,VMAQSTJE,3833530
ZKENOUDA,VUAFAIYJ,3385864
ZKENOUDA,WPQXWHYO,4145196
ZKENOUDA,XIIEJNEE,3230608
ZKENOUDA,XUOIQPFL,4819590
ZKENOUDA,ZCELVYQU,2465651
ZKENOUDA,ZGJXVMNI,3983109
ZKENOUDA,ZXERAXWP,3569281
ZXERAXWP,BEZYMBBT,2812112
ZXERAXWP,CCLHWFWF,5675342
ZXERAXWP,DBWLZWNK,2922367
ZXERAXWP,GKQIJYDH,3805336
ZXERAXWP,MIRCVAMV,3781611
ZXERAXWP,UIFPPCLR,3640519
ZXERAXWP,WHPUAOID,3178831
